Employee_Name,EmpID,MarriedID,MaritalStatusID,Gender,EmpStatusID,DeptID,PerfScoreID,FromDiversityJobFairID,Salary,Termd,PositionID,Position,State,Zip,DOB,Sex,MaritalDesc,CitizenDesc,DateofHire,DateofTermination,TermReason,EmploymentStatus,Department,ManagerName,ManagerID,RecruitmentSource,PerformanceScore,EngagementSurvey,EmpSatisfaction,SpecialProjectsCount,LastPerformanceReview_Date,DaysLateLast30,Absences,DistanceFromHome,Age,Attrition,BusinessTravel,Education,EducationField,JobSatisfaction,MonthlyIncome,MonthlyRate,NumCompaniesWorked,OverTime,PercentSalaryHike,PerformanceRating,StandardHours,StockOptionLevel,TotalWorkingYears,TrainingTimesLastYear,WorkLifeBalance,YearsAtCompany,YearsInCurrentRole,YearsSinceLastPromotion,YearsWithCurrManager
"Adinolfi, Wilson  K",10026,0,0,Female,1,5,4,0,62506,0,19,Production Technician I,MA,1960,07/10/83,M ,Single,US Citizen,7/5/2011,,N/A-StillEmployed,Active,Production       ,Michael Albert,22,LinkedIn,Exceeds,4.6,5,0,1/17/2019,0,1,16,41,Yes,Travel_Rarely,2,Life Sciences,4,5993,19479,8,Yes,11,3,80,0,8,0,1,6,4,0,5
"Ait Sidi, Karthikeyan   ",10084,1,1,Male,5,3,3,0,104437,1,27,Sr. DBA,MA,2148,05/05/75,M ,Married,US Citizen,3/30/2015,6/16/2016,career change,Voluntarily Terminated,IT/IS,Simon Roup,4,Indeed,Fully Meets,4.96,3,6,2/24/2016,0,17,36,49,No,Travel_Frequently,1,Life Sciences,2,5130,24907,1,No,23,4,80,1,10,3,3,10,7,1,7
"Akinkuolie, Sarah",10196,1,1,Male,5,5,3,0,64955,1,20,Production Technician II,MA,1810,09/19/88,F,Married,US Citizen,7/5/2011,9/24/2012,hours,Voluntarily Terminated,Production       ,Kissy Sullivan,20,LinkedIn,Fully Meets,3.02,3,0,5/15/2012,0,3,14,37,Yes,Travel_Rarely,2,Other,3,2090,2396,6,Yes,15,3,80,0,7,3,3,0,0,0,0
"Alagbe,Trina",10088,1,1,Female,1,5,3,0,64991,0,19,Production Technician I,MA,1886,09/27/88,F,Married,US Citizen,1/7/2008,,N/A-StillEmployed,Active,Production       ,Elijiah Gray,16,Indeed,Fully Meets,4.84,5,0,1/3/2019,0,15,100,33,No,Travel_Frequently,4,Life Sciences,3,2909,23159,1,Yes,11,3,80,0,8,3,3,8,7,3,0
"Anderson, Carol ",10069,0,2,Male,5,5,3,0,50825,1,19,Production Technician I,MA,2169,09/08/89,F,Divorced,US Citizen,7/11/2011,9/6/2016,return to school,Voluntarily Terminated,Production       ,Webster Butler,39,Google Search,Fully Meets,5,4,0,2/1/2016,0,2,63,27,No,Travel_Rarely,1,Medical,2,3468,16632,9,No,12,3,80,1,6,3,3,2,2,2,2
"Anderson, Linda  ",10002,0,0,Male,1,5,4,0,57568,0,19,Production Technician I,MA,1844,05/22/77,F,Single,US Citizen,1/9/2012,,N/A-StillEmployed,Active,Production       ,Amy Dunn,11,LinkedIn,Exceeds,5,5,0,1/7/2019,0,15,65,32,No,Travel_Frequently,2,Life Sciences,4,3068,11864,0,No,13,3,80,0,8,2,2,7,7,3,6
"Andreola, Colby",10194,0,0,Female,1,4,3,0,95660,0,24,Software Engineer,MA,2110,05/24/79,F,Single,US Citizen,11/10/2014,,N/A-StillEmployed,Active,Software Engineering,Alex Sweetwater,10,LinkedIn,Fully Meets,3.04,3,4,1/2/2019,0,19,69,59,No,Travel_Rarely,3,Medical,1,2670,9964,4,Yes,20,4,80,3,12,3,2,1,0,0,0
"Athwal, Sam",10062,0,4,Male,1,5,3,0,59365,0,19,Production Technician I,MA,2199,02/18/83,M ,Widowed,US Citizen,9/30/2013,,N/A-StillEmployed,Active,Production       ,Ketsia Liebig,19,Employee Referral,Fully Meets,5,4,0,2/25/2019,0,19,88,30,No,Travel_Rarely,1,Life Sciences,3,2693,13335,1,No,22,4,80,1,1,2,3,1,0,0,0
"Bachiochi, Linda",10114,0,0,Male,3,5,3,1,47837,0,19,Production Technician I,MA,1902,02/11/70,F,Single,US Citizen,7/6/2009,,N/A-StillEmployed,Active,Production       ,Brannon Miller,12,Diversity Job Fair,Fully Meets,4.46,3,0,1/25/2019,0,4,80,38,No,Travel_Frequently,3,Life Sciences,3,9526,8787,0,No,21,4,80,0,10,2,3,9,7,1,8
"Bacong, Alejandro ",10250,0,2,Male,1,3,3,0,50178,0,14,IT Support,MA,1886,01/07/88,M ,Divorced,US Citizen,1/5/2015,,N/A-StillEmployed,Active,IT/IS,Peter Monroe,7,Indeed,Fully Meets,5,5,6,2/18/2019,0,16,68,36,No,Travel_Rarely,3,Medical,3,5237,16577,6,No,13,3,80,2,17,3,2,7,7,7,7
"Baczenski, Rachael  ",10252,1,1,Male,5,5,3,1,54670,1,19,Production Technician I,MA,1902,01/12/74,F,Married,US Citizen,1/10/2011,1/12/2017,Another position,Voluntarily Terminated,Production       ,David Stanley,14,Diversity Job Fair,Fully Meets,4.2,4,0,1/30/2016,0,12,20,35,No,Travel_Rarely,3,Medical,2,2426,16479,0,No,13,3,80,1,6,5,3,5,4,0,3
"Barbara, Thomas",10242,1,1,Female,5,5,3,1,47211,1,19,Production Technician I,MA,2062,02/21/74,M ,Married,US Citizen,4/2/2012,9/19/2016,unhappy,Voluntarily Terminated,Production       ,Kissy Sullivan,20,Diversity Job Fair,Fully Meets,4.2,3,0,5/6/2016,0,15,7,29,No,Travel_Rarely,2,Life Sciences,3,4193,12682,0,Yes,12,3,80,0,10,3,3,9,5,0,8
"Barbossa, Hector",10012,0,2,Male,1,3,4,1,92328,0,9,Data Analyst,TX,78230,07/04/88,M ,Divorced,US Citizen,11/10/2014,,N/A-StillEmployed,Active,IT/IS,Simon Roup,4,Diversity Job Fair,Exceeds,4.28,4,5,2/25/2019,0,9,66,31,No,Travel_Rarely,1,Life Sciences,3,2911,15170,1,No,17,3,80,1,5,1,2,5,2,4,3
"Barone, Francesco  A",10265,0,0,Male,1,5,3,0,58709,0,19,Production Technician I,MA,1810,07/20/83,M ,Single,US Citizen,2/20/2012,,N/A-StillEmployed,Active,Production       ,Kelley Spirea,18,Google Search,Fully Meets,4.6,4,0,2/14/2019,0,7,2,34,No,Travel_Rarely,2,Medical,4,2661,8758,0,No,11,3,80,1,3,2,3,2,2,1,2
"Barton, Nader",10066,0,2,Male,5,5,3,0,52505,1,19,Production Technician I,MA,2747,07/15/77,M ,Divorced,US Citizen,9/24/2012,4/6/2017,Another position,Voluntarily Terminated,Production       ,Michael Albert,22,On-line Web application,Fully Meets,5,5,0,3/2/2017,0,1,65,28,Yes,Travel_Rarely,3,Life Sciences,3,2028,12947,5,Yes,14,3,80,0,6,4,3,4,2,0,3
"Bates, Norman",10061,0,0,Female,4,5,3,0,57834,1,19,Production Technician I,MA,2050,10/18/81,M ,Single,US Citizen,2/21/2011,8/4/2017,attendance,Terminated for Cause,Production       ,Kelley Spirea,18,Google Search,Fully Meets,5,4,0,4/5/2017,0,20,36,29,No,Travel_Rarely,4,Life Sciences,1,9980,10195,1,No,11,3,80,1,10,1,3,10,9,8,8
"Beak, Kimberly  ",10023,1,1,Male,2,5,4,0,70131,0,20,Production Technician II,MA,2145,04/17/66,F,Married,US Citizen,7/21/2016,,N/A-StillEmployed,Active,Production       ,Kelley Spirea,18,Employee Referral,Exceeds,4.4,3,0,1/14/2019,0,16,76,32,No,Travel_Rarely,2,Life Sciences,2,3298,15053,0,Yes,12,3,80,2,7,5,2,6,2,0,5
"Beatrice, Courtney ",10055,0,0,Male,1,5,3,0,59026,0,19,Production Technician I,MA,1915,10/27/70,F,Single,Eligible NonCitizen,4/4/2011,,N/A-StillEmployed,Active,Production       ,Elijiah Gray,16,Google Search,Fully Meets,5,5,0,1/14/2019,0,12,67,22,No,Non-Travel,2,Medical,4,2935,7324,1,Yes,13,3,80,2,1,2,2,1,0,0,0
"Becker, Renee",10245,0,0,Female,4,3,3,0,110000,1,8,Database Administrator,MA,2026,04/04/86,F,Single,US Citizen,7/7/2014,9/12/2015,performance,Terminated for Cause,IT/IS,Simon Roup,4,Google Search,Fully Meets,4.5,4,5,1/15/2015,0,8,67,53,No,Travel_Rarely,4,Life Sciences,4,15427,22021,2,No,16,3,80,0,31,3,3,25,8,3,7
"Becker, Scott",10277,0,0,Male,3,5,3,0,53250,0,19,Production Technician I,MA,2452,04/06/79,M ,Single,US Citizen,7/8/2013,,N/A-StillEmployed,Active,Production       ,Webster Butler,,LinkedIn,Fully Meets,4.2,4,0,1/11/2019,0,13,83,38,No,Travel_Rarely,3,Life Sciences,4,3944,4306,5,Yes,11,3,80,0,6,3,3,3,2,1,2
"Bernstein, Sean",10046,0,0,Female,1,5,3,0,51044,0,19,Production Technician I,MA,2072,12/22/70,M ,Single,US Citizen,4/2/2012,,N/A-StillEmployed,Active,Production       ,Amy Dunn,11,Google Search,Fully Meets,5,3,0,1/14/2019,0,13,14,24,No,Non-Travel,2,Other,3,4011,8232,0,No,18,3,80,1,5,5,2,4,2,1,3
"Biden, Lowan  M",10226,0,2,Male,1,5,3,0,64919,0,19,Production Technician I,MA,2027,12/27/58,F,Divorced,US Citizen,8/19/2013,,N/A-StillEmployed,Active,Production       ,Ketsia Liebig,19,Indeed,Fully Meets,4.2,3,0,1/10/2019,0,2,93,36,Yes,Travel_Rarely,4,Life Sciences,1,3407,6986,7,No,23,4,80,0,10,4,3,5,3,0,3
"Billis, Helen",10003,1,1,Female,1,5,4,0,62910,0,19,Production Technician I,MA,2031,09/01/89,F,Married,US Citizen,7/7/2014,,N/A-StillEmployed,Active,Production       ,Brannon Miller,12,Indeed,Exceeds,5,3,0,2/27/2019,0,19,23,34,No,Travel_Rarely,4,Life Sciences,2,11994,21293,0,No,11,3,80,0,13,4,3,12,6,2,11
"Blount, Dianna",10294,0,0,Male,1,5,2,0,66441,0,20,Production Technician II,MA,2171,09/21/90,F,Single,US Citizen,4/4/2011,,N/A-StillEmployed,Active,Production       ,Michael Albert,22,CareerBuilder,Needs Improvement,2,3,0,2/27/2019,2,3,85,21,No,Travel_Rarely,2,Life Sciences,4,1232,19281,1,No,14,3,80,0,0,6,3,0,0,0,0
"Bondwell, Betsy",10267,0,0,Male,5,5,3,0,57815,1,20,Production Technician II,MA,2210,01/16/67,F,Single,US Citizen,1/10/2011,4/4/2014,career change,Voluntarily Terminated,Production       ,Elijiah Gray,16,Google Search,Fully Meets,4.8,5,0,3/4/2014,0,5,61,34,Yes,Travel_Rarely,1,Medical,1,2960,17102,2,No,11,3,80,0,8,2,3,4,2,1,3
"Booth, Frank",10199,0,0,Female,4,3,3,0,103613,1,30,Enterprise Architect,CT,6033,07/30/64,M ,Single,US Citizen,2/17/2014,2/19/2016,Learned that he is a gangster,Terminated for Cause,IT/IS,Simon Roup,4,LinkedIn,Fully Meets,3.5,5,7,1/10/2016,0,2,73,53,No,Travel_Rarely,3,Other,3,19094,10735,4,No,11,3,80,1,26,3,2,14,13,4,8
"Boutwell, Bonalyn",10081,1,1,Female,1,1,3,1,106367,0,26,Sr. Accountant,MA,2468,04/04/87,F,Married,US Citizen,2/16/2015,,N/A-StillEmployed,Active,Admin Offices,Brandon R. LeBlanc,3,Diversity Job Fair,Fully Meets,5,4,3,2/18/2019,0,4,60,32,Yes,Travel_Frequently,1,Life Sciences,1,3919,4681,1,Yes,22,4,80,0,10,5,3,10,2,6,7
"Bozzi, Charles",10175,0,0,Male,5,5,3,0,74312,1,18,Production Manager,MA,1901,03/10/70,M ,Single,US Citizen,9/30/2013,8/7/2014,retiring,Voluntarily Terminated,Production       ,Janet King,2,Indeed,Fully Meets,3.39,3,0,2/20/2014,0,14,91,42,No,Travel_Rarely,4,Marketing,2,6825,21173,0,No,11,3,80,1,10,2,3,9,7,4,2
"Brill, Donna",10177,1,1,Female,5,5,3,0,53492,1,19,Production Technician I,MA,1701,08/24/90,F,Married,US Citizen,4/2/2012,6/15/2013,Another position,Voluntarily Terminated,Production       ,David Stanley,14,Google Search,Fully Meets,3.35,4,0,3/4/2013,0,6,92,44,No,Travel_Rarely,4,Medical,4,10248,2094,3,No,14,3,80,1,24,4,3,22,6,5,17
"Brown, Mia",10238,1,1,Female,1,1,3,1,63000,0,1,Accountant I,MA,1450,11/24/87,F,Married,US Citizen,10/27/2008,,N/A-StillEmployed,Active,Admin Offices,Brandon R. LeBlanc,1,Diversity Job Fair,Fully Meets,4.5,2,6,1/15/2019,0,14,59,46,No,Travel_Rarely,4,Marketing,1,18947,22822,3,No,12,3,80,0,22,2,2,2,2,2,1
"Buccheri, Joseph  ",10184,0,0,Male,1,5,3,0,65288,0,20,Production Technician II,MA,1013,07/28/83,M ,Single,US Citizen,9/29/2014,,N/A-StillEmployed,Active,Production       ,Webster Butler,,Google Search,Fully Meets,3.19,3,0,2/1/2019,0,9,91,33,No,Travel_Rarely,3,Medical,4,2496,6670,4,No,11,3,80,0,7,3,3,1,1,0,0
"Bugali, Josephine ",10203,0,3,Male,3,5,3,1,64375,0,19,Production Technician I,MA,2043,10/30/69,F,Separated,US Citizen,11/11/2013,,N/A-StillEmployed,Active,Production       ,Kissy Sullivan,20,Diversity Job Fair,Fully Meets,3.5,5,0,1/21/2019,0,17,5,44,No,Travel_Rarely,4,Other,4,6465,19121,2,Yes,13,3,80,0,9,5,4,4,2,1,3
"Bunbury, Jessica",10188,1,1,Male,5,6,3,0,74326,1,3,Area Sales Manager,VA,21851,06/01/64,F,Married,Eligible NonCitizen,8/15/2011,8/2/2014,Another position,Voluntarily Terminated,Sales,John Smith,17,Google Search,Fully Meets,3.14,5,0,2/10/2013,1,19,80,30,No,Travel_Rarely,2,Medical,3,2206,16117,1,No,13,3,80,0,10,5,3,10,0,1,8
"Burke, Joelle",10107,0,0,Male,1,5,3,0,63763,0,20,Production Technician II,MA,2148,03/02/80,F,Single,US Citizen,3/5/2012,,N/A-StillEmployed,Active,Production       ,Amy Dunn,11,Employee Referral,Fully Meets,4.51,4,0,2/21/2019,0,3,61,39,Yes,Travel_Rarely,3,Technical Degree,4,2086,3335,3,No,14,3,80,1,19,6,4,1,0,0,0
"Burkett, Benjamin ",10181,1,1,Male,1,5,3,0,62162,0,20,Production Technician II,MA,1890,08/19/77,M ,Married,US Citizen,4/4/2011,,N/A-StillEmployed,Active,Production       ,Ketsia Liebig,19,Indeed,Fully Meets,3.25,5,0,1/14/2019,0,15,13,24,Yes,Travel_Rarely,3,Medical,4,2293,3020,2,Yes,16,3,80,1,6,2,2,2,0,2,0
"Cady, Max ",10150,0,0,Female,1,4,3,0,77692,0,25,Software Engineering Manager,MA,2184,11/22/66,M ,Single,US Citizen,8/15/2011,,N/A-StillEmployed,Active,Software Engineering,Jennifer Zamora,5,Google Search,Fully Meets,3.84,3,5,1/21/2019,0,4,25,43,No,Travel_Rarely,2,Medical,3,2645,21923,1,No,12,3,80,2,6,3,2,5,3,1,4
"Candie, Calvin",10001,0,0,Male,1,5,4,0,72640,0,18,Production Manager,MA,2169,08/09/83,M ,Single,US Citizen,1/28/2016,,N/A-StillEmployed,Active,Production       ,Janet King,2,Indeed,Exceeds,5,3,0,2/22/2019,0,14,66,50,Yes,Travel_Rarely,2,Marketing,3,2683,3810,1,Yes,14,3,80,0,3,2,3,3,2,0,2
"Carabbio, Judith",10085,0,0,Female,1,4,3,0,93396,0,24,Software Engineer,MA,2132,04/05/87,F,Single,US Citizen,11/11/2013,,N/A-StillEmployed,Active,Software Engineering,Alex Sweetwater,10,Indeed,Fully Meets,4.96,4,6,1/30/2019,0,3,54,35,No,Travel_Rarely,3,Marketing,4,2014,9687,1,No,13,3,80,0,2,3,3,2,2,2,2
"Carey, Michael  ",10115,0,0,Female,1,5,3,0,52846,0,19,Production Technician I,MA,1701,02/02/83,M ,Single,US Citizen,3/31/2014,,N/A-StillEmployed,Active,Production       ,Kelley Spirea,18,LinkedIn,Fully Meets,4.43,3,0,2/1/2019,0,14,82,36,No,Travel_Rarely,4,Life Sciences,1,3419,13072,9,Yes,14,3,80,1,6,3,4,1,1,0,0
"Carr, Claudia  N",10082,0,0,Female,2,3,3,0,100031,0,27,Sr. DBA,MA,1886,06/06/86,F,Single,US Citizen,6/30/2016,,N/A-StillEmployed,Active,IT/IS,Simon Roup,4,LinkedIn,Fully Meets,5,5,6,2/18/2019,0,7,83,33,No,Travel_Frequently,3,Life Sciences,1,5376,3193,2,No,19,3,80,2,10,3,3,5,3,1,3
"Carter, Michelle ",10040,0,0,Male,1,6,3,0,71860,0,3,Area Sales Manager,VT,5664,05/15/63,F,Single,US Citizen,8/18/2014,,N/A-StillEmployed,Active,Sales,John Smith,17,Indeed,Fully Meets,5,5,0,1/21/2019,0,7,52,35,No,Travel_Rarely,2,Other,4,1951,10910,1,No,12,3,80,1,1,3,3,1,0,0,0
"Chace, Beatrice ",10067,0,0,Female,1,5,3,0,61656,0,19,Production Technician I,MA,2763,01/02/51,F,Single,US Citizen,9/29/2014,,N/A-StillEmployed,Active,Production       ,Michael Albert,22,Google Search,Fully Meets,5,4,0,2/12/2019,0,11,83,27,No,Travel_Rarely,4,Life Sciences,1,2341,19715,1,No,13,3,80,1,1,6,3,1,0,0,0
"Champaigne, Brian",10108,1,1,Male,1,3,3,0,110929,0,5,BI Director,MA,2045,02/09/72,M ,Married,US Citizen,9/6/2016,,N/A-StillEmployed,Active,IT/IS,Jennifer Zamora,5,Indeed,Fully Meets,4.5,5,7,1/15/2019,0,8,73,26,Yes,Travel_Rarely,3,Life Sciences,3,2293,10558,1,No,12,3,80,0,1,2,2,1,0,0,1
"Chan, Lin",10210,0,0,Male,1,5,3,0,54237,0,19,Production Technician I,MA,2170,02/12/79,F,Single,US Citizen,5/12/2014,,N/A-StillEmployed,Active,Production       ,Elijiah Gray,16,Indeed,Fully Meets,3.3,4,0,2/19/2019,0,11,63,27,No,Travel_Frequently,3,Life Sciences,3,8726,2975,1,No,15,3,80,0,9,0,3,9,8,1,7
"Chang, Donovan  E",10154,0,0,Female,1,5,3,0,60380,0,19,Production Technician I,MA,1845,08/24/83,M ,Single,US Citizen,7/8/2013,,N/A-StillEmployed,Active,Production       ,Webster Butler,,LinkedIn,Fully Meets,3.8,5,0,1/14/2019,0,4,44,30,No,Travel_Frequently,2,Medical,4,4011,10781,1,No,23,4,80,0,12,2,3,12,8,3,7
"Chigurh, Anton",10200,0,0,Female,1,6,3,0,66808,0,3,Area Sales Manager,TX,78207,06/11/70,M ,Single,Eligible NonCitizen,5/14/2012,,N/A-StillEmployed,Active,Sales,Lynn Daneault,21,Employee Referral,Fully Meets,3,5,0,1/19/2019,0,17,9,41,Yes,Travel_Rarely,3,Technical Degree,3,19545,16280,1,No,12,3,80,0,23,0,3,22,15,15,8
"Chivukula, Enola",10240,0,0,Male,5,5,3,0,64786,1,19,Production Technician I,MA,1775,08/27/83,F,Single,US Citizen,6/27/2011,11/15/2015,relocation out of area,Voluntarily Terminated,Production       ,Amy Dunn,11,Indeed,Fully Meets,4.3,4,0,3/10/2015,0,3,92,34,No,Non-Travel,4,Marketing,3,4568,10034,0,No,20,4,80,0,10,2,3,9,5,8,7
"Cierpiszewski, Caroline  ",10168,0,0,Male,1,5,3,0,64816,0,19,Production Technician I,MA,2044,05/31/88,F,Single,Non-Citizen,10/3/2011,,N/A-StillEmployed,Active,Production       ,Ketsia Liebig,19,Indeed,Fully Meets,3.58,5,0,1/30/2019,0,3,54,37,No,Travel_Rarely,2,Life Sciences,2,3022,10227,4,No,21,4,80,0,8,1,3,1,0,0,0
"Clayton, Rick",10220,0,0,Male,1,3,3,0,68678,0,14,IT Support,MA,2170,09/05/85,M ,Single,US Citizen,9/5/2012,,N/A-StillEmployed,Active,IT/IS,Eric Dougall,6,Indeed,Fully Meets,4.7,3,6,2/27/2019,0,2,35,46,No,Travel_Frequently,4,Marketing,4,5772,20445,4,Yes,21,4,80,0,14,4,3,9,6,0,8
"Cloninger, Jennifer",10275,1,1,Male,5,5,3,0,64066,1,20,Production Technician II,MA,1752,08/31/81,F,Married,US Citizen,5/16/2011,1/7/2013,unhappy,Voluntarily Terminated,Production       ,Brannon Miller,12,Google Search,Fully Meets,4.2,5,0,5/3/2012,0,9,15,35,No,Travel_Rarely,1,Life Sciences,4,2269,4892,1,No,19,3,80,0,1,2,3,1,0,0,1
"Close, Phil",10269,1,1,Male,5,5,3,0,59369,1,20,Production Technician II,MA,2169,11/25/78,M ,Married,US Citizen,8/30/2010,9/26/2011,career change,Voluntarily Terminated,Production       ,David Stanley,14,Indeed,Fully Meets,4.2,4,0,5/4/2011,0,6,79,48,Yes,Travel_Rarely,2,Life Sciences,3,5381,19294,9,Yes,13,3,80,0,23,2,3,1,0,0,0
"Clukey, Elijian",10029,1,1,Male,2,5,4,0,50373,0,19,Production Technician I,MA,2134,08/26/80,M ,Married,US Citizen,7/6/2016,,N/A-StillEmployed,Active,Production       ,Brannon Miller,12,Employee Referral,Exceeds,4.1,4,0,2/28/2019,0,5,47,28,Yes,Travel_Rarely,4,Technical Degree,3,3441,11179,1,Yes,13,3,80,0,2,3,2,2,2,2,2
"Cockel, James",10261,0,0,Female,1,5,3,0,63108,0,19,Production Technician I,MA,2452,09/08/77,M ,Single,US Citizen,7/8/2013,,N/A-StillEmployed,Active,Production       ,David Stanley,14,Employee Referral,Fully Meets,4.4,5,0,1/14/2019,0,3,65,44,No,Travel_Rarely,5,Marketing,1,5454,4009,5,Yes,21,4,80,1,9,2,2,4,3,1,3
"Cole, Spencer",10292,0,0,Male,4,5,2,0,59144,1,19,Production Technician I,MA,1880,08/12/79,M ,Single,US Citizen,7/11/2011,9/23/2016,performance,Terminated for Cause,Production       ,Kissy Sullivan,20,LinkedIn,Needs Improvement,2,3,0,5/1/2016,5,16,80,35,No,Non-Travel,2,Medical,1,9884,8302,2,Yes,13,3,80,1,10,3,3,4,0,2,3
"Corleone, Michael",10282,0,2,Female,1,5,2,0,68051,0,18,Production Manager,MA,1803,12/17/75,M ,Divorced,US Citizen,7/20/2010,,N/A-StillEmployed,Active,Production       ,Janet King,2,CareerBuilder,Needs Improvement,4.13,2,0,1/14/2019,3,3,11,26,No,Travel_Rarely,3,Marketing,4,4157,21436,7,Yes,19,3,80,1,5,2,2,2,2,0,0
"Corleone, Vito",10019,0,0,Female,1,5,4,0,170500,0,10,Director of Operations,MA,2030,03/19/83,M ,Single,US Citizen,1/5/2009,,N/A-StillEmployed,Active,Production       ,Janet King,2,Indeed,Exceeds,3.7,5,0,2/4/2019,0,15,54,33,No,Travel_Frequently,2,Life Sciences,4,13458,15146,1,Yes,12,3,80,0,15,1,3,15,14,8,12
"Cornett, Lisa ",10094,1,1,Male,1,5,3,0,63381,0,19,Production Technician I,MA,2189,03/31/77,F,Married,US Citizen,1/5/2015,,N/A-StillEmployed,Active,Production       ,Kelley Spirea,18,Indeed,Fully Meets,4.73,5,0,2/14/2019,0,6,7,35,No,Travel_Frequently,5,Life Sciences,1,9069,11031,1,No,22,4,80,1,9,3,2,9,8,1,8
"Costello, Frank",10193,1,1,Female,1,3,3,0,83552,0,9,Data Analyst,MA,1810,08/26/86,M ,Married,US Citizen,3/30/2015,,N/A-StillEmployed,Active,IT/IS,Simon Roup,4,Indeed,Fully Meets,3.04,3,6,1/22/2019,0,2,72,35,No,Travel_Rarely,4,Medical,1,4014,16002,3,Yes,15,3,80,1,4,3,3,2,2,2,2
"Crimmings,   Jean",10132,0,0,Male,2,5,3,0,56149,0,19,Production Technician I,MA,1821,04/10/87,F,Single,US Citizen,7/6/2016,,N/A-StillEmployed,Active,Production       ,Michael Albert,22,LinkedIn,Fully Meets,4.12,5,0,1/28/2019,0,15,9,31,No,Travel_Rarely,4,Life Sciences,4,5915,9528,3,No,22,4,80,1,10,3,2,7,7,1,7
"Cross, Noah",10083,0,0,Male,1,3,3,0,92329,0,28,Sr. Network Engineer,CT,6278,09/09/65,M ,Single,US Citizen,11/10/2014,,N/A-StillEmployed,Active,IT/IS,Peter Monroe,7,Employee Referral,Fully Meets,5,3,4,1/2/2019,0,5,28,37,No,Travel_Rarely,4,Life Sciences,3,5993,2689,1,No,18,3,80,1,7,2,4,7,5,0,7
"Daneault, Lynn",10099,0,0,Male,1,6,3,0,65729,0,21,Sales Manager,VT,5473,04/19/90,F,Single,US Citizen,5/5/2014,,N/A-StillEmployed,Active,Sales,Debra Houlihan,15,Indeed,Fully Meets,4.62,4,0,1/24/2019,0,8,80,32,No,Travel_Rarely,3,Medical,4,6162,10877,1,Yes,22,4,80,1,9,3,3,9,8,7,8
"Daniele, Ann  ",10212,1,1,Female,3,3,3,0,85028,0,28,Sr. Network Engineer,CT,6033,01/18/52,F,Married,US Citizen,11/10/2014,,N/A-StillEmployed,Active,IT/IS,Peter Monroe,7,LinkedIn,Fully Meets,3.1,5,8,2/12/2019,0,19,43,38,No,Travel_Frequently,5,Life Sciences,4,2406,5456,1,No,11,3,80,0,10,2,3,10,3,9,9
"Darson, Jene'ya ",10056,1,1,Female,1,5,3,0,57583,0,19,Production Technician I,MA,2110,11/05/78,F,Married,US Citizen,7/2/2012,,N/A-StillEmployed,Active,Production       ,Elijiah Gray,16,Indeed,Fully Meets,5,3,0,2/25/2019,0,1,44,50,No,Travel_Rarely,2,Medical,3,18740,16701,5,Yes,12,3,80,1,29,2,2,27,3,13,8
"Davis, Daniel",10143,0,0,Female,1,5,3,0,56294,0,20,Production Technician II,MA,2458,09/14/79,M ,Single,Eligible NonCitizen,11/7/2011,,N/A-StillEmployed,Active,Production       ,Kissy Sullivan,20,LinkedIn,Fully Meets,3.96,4,0,2/27/2019,0,6,38,59,No,Travel_Rarely,3,Life Sciences,1,7637,2354,7,No,11,3,80,0,28,3,2,21,16,7,9
"Dee, Randy",10311,1,1,Female,1,6,1,0,56991,0,19,Production Technician I,MA,2138,04/15/88,M ,Married,US Citizen,7/9/2018,,N/A-StillEmployed,Active,Production       ,Brannon Miller,12,Indeed,Fully Meets,4.3,4,3,1/31/2019,2,2,77,36,No,Travel_Rarely,3,Technical Degree,3,10096,8202,1,No,13,3,80,3,17,2,3,17,14,12,8
"DeGweck,  James",10070,1,1,Female,5,5,3,0,55722,1,19,Production Technician I,MA,1810,10/31/77,M ,Married,US Citizen,5/16/2011,6/8/2016,unhappy,Voluntarily Terminated,Production       ,Webster Butler,39,Indeed,Fully Meets,5,4,0,4/2/2016,0,14,64,55,No,Travel_Rarely,3,Medical,3,14756,19730,2,Yes,14,3,80,3,21,2,3,5,0,0,2
"Del Bosque, Keyla",10155,0,0,Male,1,4,3,0,101199,0,24,Software Engineer,MA,2176,07/05/79,F,Single,US Citizen,1/9/2012,,N/A-StillEmployed,Active,Software Engineering,Alex Sweetwater,10,CareerBuilder,Fully Meets,3.79,5,5,1/25/2019,0,8,47,36,No,Travel_Frequently,3,Life Sciences,2,6499,22656,1,No,13,3,80,0,6,3,3,6,5,0,3
"Delarge, Alex",10306,0,0,Male,1,6,1,0,61568,0,3,Area Sales Manager,AL,36006,11/02/75,M ,Single,US Citizen,9/29/2014,,N/A-StillEmployed,Active,Sales,John Smith,17,Indeed,PIP,1.93,3,0,1/30/2019,6,5,58,45,No,Travel_Rarely,3,Life Sciences,1,9724,18787,2,No,17,3,80,1,25,2,3,1,0,0,0
"Demita, Carla",10100,0,3,Male,5,5,3,0,58275,1,20,Production Technician II,MA,2343,02/25/51,F,Separated,US Citizen,4/4/2011,11/4/2015,more money,Voluntarily Terminated,Production       ,Kelley Spirea,18,Google Search,Fully Meets,4.62,5,0,5/6/2015,0,1,65,35,No,Travel_Frequently,3,Medical,1,2194,5868,4,No,13,3,80,1,5,2,2,3,2,1,2
"Desimone, Carl ",10310,1,1,Male,1,5,1,0,53189,0,19,Production Technician I,MA,2061,04/19/67,M ,Married,US Citizen,7/7/2014,,N/A-StillEmployed,Active,Production       ,Amy Dunn,11,Indeed,PIP,1.12,2,0,1/31/2019,4,9,82,36,Yes,Travel_Rarely,3,Medical,3,3388,21777,0,Yes,17,3,80,1,2,0,2,1,0,0,0
"DeVito, Tommy",10197,0,0,Female,1,3,3,0,96820,0,4,BI Developer,MA,2045,09/04/83,M ,Single,US Citizen,2/15/2017,,N/A-StillEmployed,Active,IT/IS,Brian Champaigne,13,Indeed,Fully Meets,3.01,5,7,1/23/2019,0,15,43,59,No,Travel_Frequently,1,Life Sciences,3,5473,24668,7,No,11,3,80,0,20,2,2,4,3,1,3
"Dickinson, Geoff ",10276,0,0,Male,1,5,3,0,51259,0,19,Production Technician I,MA,2180,11/15/82,M ,Single,US Citizen,5/12/2014,,N/A-StillEmployed,Active,Production       ,Ketsia Liebig,19,Indeed,Fully Meets,4.3,4,0,2/19/2019,0,1,23,29,No,Travel_Rarely,3,Life Sciences,2,2703,4956,0,No,23,4,80,1,6,3,3,5,4,0,4
"Dietrich, Jenna  ",10304,0,0,Male,1,6,1,0,59231,0,3,Area Sales Manager,WA,98052,05/14/87,F,Single,US Citizen,2/20/2012,,N/A-StillEmployed,Active,Sales,John Smith,17,Website,PIP,2.3,1,0,1/29/2019,2,17,62,31,No,Travel_Rarely,4,Medical,2,2501,18775,1,No,17,3,80,0,1,4,3,1,1,1,0
"DiNocco, Lily ",10284,1,1,Male,1,5,2,0,61584,0,19,Production Technician I,MA,2351,12/02/78,F,Married,US Citizen,1/7/2013,,N/A-StillEmployed,Active,Production       ,Brannon Miller,12,Indeed,Needs Improvement,3.88,4,0,1/18/2019,0,6,15,32,No,Travel_Rarely,3,Life Sciences,2,6220,7346,1,No,17,3,80,2,10,3,3,10,4,0,9
"Dobrin, Denisa  S",10207,0,0,Female,1,5,3,0,46335,0,19,Production Technician I,MA,2125,10/07/86,F,Single,US Citizen,4/2/2012,,N/A-StillEmployed,Active,Production       ,David Stanley,14,CareerBuilder,Fully Meets,3.4,5,0,2/19/2019,0,15,43,36,No,Travel_Rarely,3,Life Sciences,4,3038,22002,3,No,12,3,80,0,5,3,3,1,0,0,0
"Dolan, Linda",10133,1,1,Female,1,3,3,0,70621,0,14,IT Support,MA,2119,07/18/88,F,Married,US Citizen,1/5/2015,,N/A-StillEmployed,Active,IT/IS,Peter Monroe,7,Employee Referral,Fully Meets,4.11,4,6,2/25/2019,0,16,100,31,No,Travel_Rarely,4,Life Sciences,4,4424,20682,1,No,23,4,80,0,11,2,3,11,7,1,8
"Dougall, Eric",10028,0,0,Male,1,3,4,0,138888,0,13,IT Manager - Support,MA,1886,07/09/70,M ,Single,US Citizen,1/5/2014,,N/A-StillEmployed,Active,IT/IS,Jennifer Zamora,5,Indeed,Exceeds,4.3,5,5,1/4/2019,0,4,62,35,No,Travel_Rarely,4,Marketing,1,4312,23016,0,No,14,3,80,0,16,2,3,15,13,2,8
"Driver, Elle",10006,0,0,Male,1,6,4,0,74241,0,3,Area Sales Manager,CA,90007,11/08/88,F,Single,US Citizen,1/10/2011,,N/A-StillEmployed,Active,Sales,Lynn Daneault,21,Indeed,Exceeds,4.77,5,0,1/27/2019,0,14,18,45,No,Travel_Rarely,4,Other,1,13245,15067,4,Yes,14,3,80,0,17,3,4,0,0,0,0
"Dunn, Amy  ",10105,0,0,Male,1,5,3,0,75188,0,18,Production Manager,MA,1731,11/28/73,F,Single,US Citizen,9/18/2014,,N/A-StillEmployed,Active,Production       ,Janet King,2,Google Search,Fully Meets,4.52,4,0,1/15/2019,0,4,76,37,No,Travel_Rarely,4,Medical,3,13664,25258,4,No,13,3,80,0,16,3,4,5,2,0,2
"Dunne, Amy",10211,1,1,Male,1,5,3,0,62514,0,19,Production Technician I,MA,1749,09/23/73,F,Married,US Citizen,4/26/2010,,N/A-StillEmployed,Active,Production       ,Ketsia Liebig,19,Google Search,Fully Meets,2.9,3,0,1/21/2019,0,6,83,46,No,Travel_Rarely,2,Medical,2,5021,10425,8,Yes,22,4,80,1,16,2,3,4,2,0,2
"Eaton, Marianne",10064,1,1,Male,5,5,3,0,60070,1,19,Production Technician I,MA,2343,09/05/91,F,Married,US Citizen,4/4/2011,6/6/2017,military,Voluntarily Terminated,Production       ,Kissy Sullivan,20,Google Search,Fully Meets,5,3,0,4/9/2017,0,7,67,30,No,Travel_Rarely,1,Life Sciences,4,5126,15998,1,Yes,12,3,80,2,10,1,2,10,8,3,0
"Engdahl, Jean",10247,0,0,Male,1,5,3,0,48888,0,19,Production Technician I,MA,2026,05/31/74,M ,Single,US Citizen,11/10/2014,,N/A-StillEmployed,Active,Production       ,Kelley Spirea,18,LinkedIn,Fully Meets,4.7,5,0,2/13/2019,0,8,51,35,No,Travel_Rarely,3,Medical,3,2859,26278,1,No,18,3,80,0,6,3,3,6,4,0,4
"England, Rex",10235,1,1,Male,1,5,3,0,54285,0,19,Production Technician I,MA,2045,08/25/78,M ,Married,US Citizen,3/31/2014,,N/A-StillEmployed,Active,Production       ,Kelley Spirea,18,Employee Referral,Fully Meets,4.2,3,0,1/11/2019,0,3,83,55,No,Travel_Rarely,2,Life Sciences,4,10239,18092,3,No,14,3,80,1,24,4,3,1,0,1,0
"Erilus, Angela",10299,0,3,Female,1,5,1,0,56847,0,20,Production Technician II,MA,2133,08/25/89,F,Separated,US Citizen,7/7/2014,,N/A-StillEmployed,Active,Production       ,Michael Albert,22,Indeed,PIP,3,1,0,2/25/2019,2,5,35,38,No,Non-Travel,3,Medical,4,5329,15717,7,Yes,12,3,80,3,17,3,3,13,11,1,9
"Estremera, Miguel",10280,0,0,Male,4,5,2,0,60340,1,19,Production Technician I,MA,2129,09/02/83,M ,Single,US Citizen,4/2/2012,9/27/2018,attendance,Terminated for Cause,Production       ,Michael Albert,22,Google Search,Needs Improvement,5,4,0,4/12/2018,5,16,25,34,No,Travel_Rarely,2,Medical,2,4325,17736,1,No,15,3,80,0,5,2,3,5,2,1,3
"Evensen, April",10296,0,0,Male,4,5,2,0,59124,1,19,Production Technician I,MA,2458,05/06/89,F,Single,US Citizen,2/17/2014,2/25/2018,"no-call, no-show",Terminated for Cause,Production       ,Elijiah Gray,16,Google Search,Needs Improvement,2.3,3,0,1/15/2017,5,19,27,56,No,Travel_Rarely,3,Life Sciences,4,7260,21698,4,No,11,3,80,0,37,3,2,6,4,0,2
"Exantus, Susan",10290,1,1,Male,4,4,2,0,99280,1,24,Software Engineer,MA,1749,05/15/87,F,Married,US Citizen,5/2/2011,6/5/2013,attendance,Terminated for Cause,Software Engineering,Alex Sweetwater,10,Indeed,Needs Improvement,2.1,5,4,8/10/2012,4,19,87,23,No,Travel_Rarely,1,Technical Degree,1,2322,9518,3,No,13,3,80,1,3,3,3,0,0,0,0
"Faller, Megan ",10263,1,1,Male,1,5,3,0,71776,0,20,Production Technician II,MA,1824,09/22/78,F,Married,US Citizen,7/7/2014,,N/A-StillEmployed,Active,Production       ,Elijiah Gray,16,LinkedIn,Fully Meets,4.4,5,0,2/22/2019,0,17,21,51,No,Travel_Rarely,4,Life Sciences,4,2075,18725,3,No,23,4,80,2,10,4,3,4,2,0,3
"Fancett, Nicole",10136,0,0,Male,1,5,3,0,65902,0,20,Production Technician II,MA,2324,09/27/87,F,Single,US Citizen,2/17/2014,,N/A-StillEmployed,Active,Production       ,Webster Butler,,LinkedIn,Fully Meets,4,4,0,1/7/2019,0,7,8,30,No,Travel_Rarely,3,Life Sciences,4,4152,15830,1,No,19,3,80,3,11,3,3,11,10,10,8
"Ferguson, Susan",10189,1,1,Male,5,5,3,0,57748,1,19,Production Technician I,MA,2176,04/14/55,F,Married,US Citizen,11/7/2011,5/17/2016,military,Voluntarily Terminated,Production       ,Webster Butler,39,Google Search,Fully Meets,3.13,3,0,2/4/2016,0,16,24,46,Yes,Travel_Rarely,2,Medical,4,9619,13596,1,No,16,3,80,0,9,3,3,9,8,4,7
"Fernandes, Nilson  ",10308,1,1,Male,1,5,1,0,64057,0,19,Production Technician I,MA,2132,10/18/89,M ,Married,US Citizen,5/11/2015,,N/A-StillEmployed,Active,Production       ,Amy Dunn,11,Indeed,PIP,1.56,5,0,1/3/2019,6,15,86,40,No,Travel_Frequently,4,Life Sciences,2,13503,14115,1,No,22,4,80,1,22,3,2,22,3,11,11
"Fett, Boba",10309,0,0,Male,1,3,1,0,53366,0,15,Network Engineer,MA,2138,06/18/87,M ,Single,US Citizen,3/30/2015,,N/A-StillEmployed,Active,IT/IS,Peter Monroe,7,LinkedIn,PIP,1.2,3,6,2/4/2019,3,2,38,51,No,Travel_Rarely,4,Marketing,4,5441,8423,0,Yes,22,4,80,0,11,2,1,10,7,1,0
"Fidelia,  Libby",10049,1,1,Female,1,5,3,0,58530,0,19,Production Technician I,MA,2155,03/16/81,F,Married,US Citizen,1/9/2012,,N/A-StillEmployed,Active,Production       ,Brannon Miller,12,Google Search,Fully Meets,5,5,0,1/29/2019,0,19,98,30,No,Travel_Rarely,2,Medical,2,5209,19760,1,Yes,12,3,80,3,11,4,2,11,8,2,7
"Fitzpatrick, Michael  J",10093,0,0,Male,5,5,3,0,72609,1,20,Production Technician II,MA,2143,10/01/81,M ,Single,US Citizen,5/16/2011,6/24/2013,hours,Voluntarily Terminated,Production       ,Amy Dunn,11,Google Search,Fully Meets,4.76,5,0,4/5/2013,0,20,29,46,No,Travel_Frequently,3,Medical,1,10673,3142,2,Yes,13,3,80,1,21,5,2,10,9,9,5
"Foreman, Tanya",10163,1,1,Male,5,5,3,0,55965,1,20,Production Technician II,MA,2170,11/08/83,F,Married,US Citizen,4/4/2011,1/9/2013,career change,Voluntarily Terminated,Production       ,Ketsia Liebig,19,Google Search,Fully Meets,3.66,3,0,1/7/2012,0,6,72,32,No,Travel_Rarely,4,Medical,3,5010,24301,1,No,16,3,80,0,12,0,3,11,8,5,7
"Forrest, Alex",10305,1,1,Female,1,6,3,0,70187,1,3,Area Sales Manager,MA,2330,07/07/75,M ,Married,US Citizen,9/29/2014,8/19/2018,Fatal attraction,Terminated for Cause,Sales,Lynn Daneault,21,Employee Referral,PIP,2,5,0,1/28/2019,4,7,16,54,No,Travel_Rarely,4,Technical Degree,3,13549,24001,9,No,12,3,80,1,16,5,1,4,3,0,3
"Foss, Jason",10015,0,0,Female,1,3,4,0,178000,0,12,IT Director,MA,1460,07/05/80,M ,Single,US Citizen,4/15/2011,,N/A-StillEmployed,Active,IT/IS,Jennifer Zamora,5,Indeed,Exceeds,5,5,5,1/7/2019,0,15,45,24,No,Travel_Rarely,2,Other,3,4999,17519,0,No,21,4,80,1,4,2,2,3,2,0,2
"Foster-Baker, Amy",10080,1,1,Male,1,1,3,0,99351,0,26,Sr. Accountant,MA,2050,04/16/79,F,Married,US Citizen,1/5/2009,,N/A-StillEmployed,Active,Admin Offices,Board of Directors,9,Other,Fully Meets,5,3,2,2/8/2019,0,3,8,28,No,Non-Travel,3,Medical,3,4221,8863,1,No,15,3,80,0,5,3,4,5,4,0,4
"Fraval, Maruk ",10258,0,0,Male,1,6,3,0,67251,0,3,Area Sales Manager,CT,6050,08/28/63,M ,Single,US Citizen,9/6/2011,,N/A-StillEmployed,Active,Sales,Lynn Daneault,21,CareerBuilder,Fully Meets,4.3,3,0,1/27/2019,2,7,94,58,No,Travel_Rarely,4,Medical,3,13872,24409,0,No,13,3,80,0,38,1,2,37,10,1,8
"Galia, Lisa",10273,0,0,Male,1,3,3,0,65707,0,14,IT Support,CT,6040,07/06/68,F,Single,US Citizen,5/1/2010,,N/A-StillEmployed,Active,IT/IS,Eric Dougall,6,LinkedIn,Fully Meets,4.7,4,5,2/1/2019,0,1,6,44,No,Non-Travel,3,Medical,2,2042,25043,4,No,12,3,80,1,17,3,4,3,2,1,2
"Garcia, Raul",10111,0,0,Male,1,5,3,0,52249,0,19,Production Technician I,MA,1905,09/15/85,M ,Single,US Citizen,3/30/2015,,N/A-StillEmployed,Active,Production       ,David Stanley,14,Employee Referral,Fully Meets,4.5,3,0,2/18/2019,0,5,83,37,Yes,Travel_Rarely,4,Human Resources,1,2073,23648,4,Yes,22,4,80,0,7,3,3,3,2,0,2
"Gaul, Barbara",10257,0,0,Male,1,5,3,0,53171,0,19,Production Technician I,MA,2121,12/02/83,F,Single,US Citizen,5/16/2011,,N/A-StillEmployed,Active,Production       ,Kelley Spirea,18,LinkedIn,Fully Meets,4.2,4,0,2/26/2019,0,12,91,32,No,Travel_Rarely,1,Life Sciences,1,2956,15178,1,No,13,3,80,0,1,2,3,1,0,0,0
"Gentry, Mildred",10159,1,1,Female,1,5,3,0,51337,0,19,Production Technician I,MA,2145,10/01/90,F,Married,US Citizen,3/30/2015,,N/A-StillEmployed,Active,Production       ,Michael Albert,22,LinkedIn,Fully Meets,3.73,3,0,1/16/2019,0,19,63,20,Yes,Travel_Frequently,3,Life Sciences,4,2926,19783,1,Yes,18,3,80,0,1,5,3,1,0,1,0
"Gerke, Melisa",10122,0,2,Female,5,5,3,1,51505,1,19,Production Technician I,MA,2330,05/15/70,F,Divorced,US Citizen,11/7/2011,11/15/2016,hours,Voluntarily Terminated,Production       ,Elijiah Gray,16,Diversity Job Fair,Fully Meets,4.24,4,0,4/29/2016,0,2,47,34,No,Travel_Rarely,4,Other,3,4809,12482,1,No,14,3,80,0,16,3,3,16,13,2,10
"Gill, Whitney  ",10142,0,4,Male,4,6,3,0,59370,1,3,Area Sales Manager,OH,43050,07/10/71,F,Widowed,US Citizen,7/7/2014,9/5/2015,attendance,Terminated for Cause,Sales,John Smith,17,CareerBuilder,Fully Meets,3.97,4,0,1/15/2014,0,7,17,37,No,Non-Travel,2,Life Sciences,4,5163,15850,5,No,14,3,80,1,17,2,4,1,0,0,0
"Gilles, Alex",10283,1,1,Female,5,5,2,1,54933,1,19,Production Technician I,MA,2062,08/09/74,M ,Married,US Citizen,4/2/2012,6/25/2015,military,Voluntarily Terminated,Production       ,Webster Butler,39,Diversity Job Fair,Needs Improvement,3.97,4,0,1/20/2015,3,15,21,59,No,Non-Travel,4,Human Resources,4,18844,21922,9,No,21,4,80,1,30,3,3,3,2,2,2
"Girifalco, Evelyn",10018,0,0,Female,1,5,4,0,57815,0,19,Production Technician I,MA,2451,05/08/80,F,Single,US Citizen,9/29/2014,,N/A-StillEmployed,Active,Production       ,Amy Dunn,11,Indeed,Exceeds,3.9,4,0,2/7/2019,0,3,3,50,No,Travel_Frequently,3,Life Sciences,2,18172,9755,3,Yes,19,3,80,0,28,1,2,8,3,0,7
"Givens, Myriam",10255,0,0,Male,1,6,3,0,61555,0,3,Area Sales Manager,IN,46204,09/22/89,F,Single,US Citizen,2/16/2015,,N/A-StillEmployed,Active,Sales,Lynn Daneault,21,Indeed,Fully Meets,4.5,5,0,1/25/2019,0,20,51,25,Yes,Travel_Rarely,3,Marketing,3,5744,26959,1,Yes,11,3,80,0,6,1,3,6,4,0,3
"Goble, Taisha",10246,0,0,Male,4,3,3,0,114800,1,8,Database Administrator,MA,2127,10/23/71,F,Single,US Citizen,2/16/2015,3/15/2015,"no-call, no-show",Terminated for Cause,IT/IS,Simon Roup,4,Indeed,Fully Meets,4.6,4,4,1/20/2015,0,10,30,25,No,Travel_Rarely,1,Medical,4,2889,26897,1,No,11,3,80,2,2,2,3,2,2,2,1
"Goeth, Amon",10228,1,1,Female,1,3,3,0,74679,0,14,IT Support,MA,2135,11/24/89,M ,Married,US Citizen,3/30/2015,,N/A-StillEmployed,Active,IT/IS,Peter Monroe,7,LinkedIn,Fully Meets,4.3,5,7,1/10/2019,0,20,14,22,No,Travel_Rarely,3,Medical,4,2871,23785,1,No,15,3,80,0,1,5,3,0,0,0,0
"Gold, Shenice  ",10243,0,0,Female,1,5,3,0,53018,0,19,Production Technician I,MA,2451,06/18/92,F,Single,US Citizen,11/11/2013,,N/A-StillEmployed,Active,Production       ,Ketsia Liebig,19,Indeed,Fully Meets,4.3,5,0,2/18/2019,0,7,100,51,No,Travel_Frequently,4,Medical,1,7484,25796,3,No,20,4,80,0,23,1,2,13,12,12,8
"Gonzalez, Cayo",10031,0,2,Male,1,5,4,1,59892,0,19,Production Technician I,MA,2108,09/29/69,M ,Divorced,US Citizen,7/11/2011,,N/A-StillEmployed,Active,Production       ,Brannon Miller,12,Diversity Job Fair,Exceeds,4.5,4,0,2/18/2019,0,1,46,34,Yes,Travel_Frequently,3,Life Sciences,3,6074,22887,1,Yes,24,4,80,0,9,3,3,9,7,0,6
"Gonzalez, Juan",10300,1,1,Female,5,5,1,1,68898,1,20,Production Technician II,MA,2128,10/12/64,M ,Married,US Citizen,4/26/2010,5/30/2011,career change,Voluntarily Terminated,Production       ,Brannon Miller,12,Diversity Job Fair,PIP,3,3,0,3/6/2011,3,10,94,54,No,Non-Travel,3,Human Resources,4,17328,13871,2,Yes,12,3,80,0,23,3,3,5,3,4,4
"Gonzalez, Maria",10101,0,3,Male,1,3,3,0,61242,0,14,IT Support,MA,2472,04/16/81,F,Separated,US Citizen,1/5/2015,,N/A-StillEmployed,Active,IT/IS,Peter Monroe,7,Employee Referral,Fully Meets,4.61,4,5,1/28/2019,0,11,59,24,No,Travel_Rarely,1,Life Sciences,3,2774,13257,0,No,12,3,80,1,6,2,3,5,3,1,2
"Good, Susan",10237,1,1,Female,3,5,3,0,66825,0,20,Production Technician II,MA,1886,05/25/86,F,Married,US Citizen,5/12/2014,,N/A-StillEmployed,Active,Production       ,David Stanley,14,LinkedIn,Fully Meets,4.6,3,0,2/7/2019,0,20,50,34,No,Travel_Rarely,4,Life Sciences,2,4505,15000,6,No,15,3,80,1,12,3,3,1,0,0,0
"Gordon, David",10051,1,1,Male,1,5,3,0,48285,0,19,Production Technician I,MA,2169,05/21/79,M ,Married,US Citizen,7/2/2012,,N/A-StillEmployed,Active,Production       ,David Stanley,14,LinkedIn,Fully Meets,5,3,0,1/14/2019,0,2,27,37,No,Travel_Rarely,3,Life Sciences,4,7428,14506,2,No,12,3,80,0,12,3,3,5,3,1,3
"Gosciminski, Phylicia  ",10218,0,3,Female,3,5,3,0,66149,0,20,Production Technician II,MA,1824,12/08/83,F,Separated,US Citizen,9/30/2013,,N/A-StillEmployed,Active,Production       ,Kissy Sullivan,20,Google Search,Fully Meets,4.4,5,0,2/21/2019,0,1,4,34,No,Travel_Rarely,3,Medical,1,11631,5615,2,No,12,3,80,0,14,6,3,11,10,5,8
"Goyal, Roxana",10256,1,1,Female,3,5,3,0,49256,0,19,Production Technician I,MA,1864,10/09/74,F,Married,US Citizen,8/19/2013,,N/A-StillEmployed,Active,Production       ,Kissy Sullivan,20,LinkedIn,Fully Meets,4.1,5,0,2/15/2019,0,3,74,36,No,Travel_Frequently,2,Technical Degree,4,9738,22952,0,No,14,3,80,1,10,6,3,9,7,2,8
"Gray, Elijiah  ",10098,0,2,Female,1,5,3,0,62957,0,18,Production Manager,MA,1752,07/11/81,M ,Divorced,US Citizen,6/2/2015,,N/A-StillEmployed,Active,Production       ,Janet King,2,Employee Referral,Fully Meets,4.63,3,0,1/4/2019,0,2,38,36,No,Travel_Rarely,2,Life Sciences,4,2835,2561,5,No,22,4,80,1,7,2,3,1,0,0,0
"Gross, Paula",10059,0,2,Male,5,5,3,0,63813,1,19,Production Technician I,MA,2176,05/21/83,F,Divorced,US Citizen,2/21/2011,1/11/2014,more money,Voluntarily Terminated,Production       ,Kelley Spirea,18,CareerBuilder,Fully Meets,5,5,0,6/3/2013,0,17,48,43,No,Travel_Frequently,2,Life Sciences,4,16959,19494,1,Yes,12,3,80,2,25,3,4,25,12,4,12
"Gruber, Hans",10234,1,1,Male,1,3,3,0,99020,0,4,BI Developer,MA,2134,06/30/89,M ,Married,US Citizen,4/20/2017,,N/A-StillEmployed,Active,IT/IS,Brian Champaigne,13,Indeed,Fully Meets,4.2,5,5,1/28/2019,0,8,4,30,No,Travel_Frequently,3,Life Sciences,3,2613,22310,1,No,25,4,80,3,10,2,2,10,7,0,9
"Guilianno, Mike",10109,0,0,Male,5,6,3,0,71707,1,3,Area Sales Manager,TN,37129,02/09/69,M ,Single,US Citizen,3/7/2012,10/31/2014,relocation out of area,Voluntarily Terminated,Sales,John Smith,17,LinkedIn,Fully Meets,4.5,5,0,2/1/2013,0,20,7,33,No,Non-Travel,2,Marketing,2,6146,15480,0,No,13,3,80,1,8,2,4,7,7,0,7
"Handschiegl, Joanne",10125,1,1,Female,1,5,3,0,54828,0,19,Production Technician I,MA,2127,03/23/77,F,Married,US Citizen,11/28/2011,,N/A-StillEmployed,Active,Production       ,Michael Albert,22,Google Search,Fully Meets,4.2,4,0,2/22/2019,0,13,55,56,Yes,Travel_Rarely,4,Life Sciences,2,4963,4510,9,Yes,18,3,80,3,7,2,3,5,4,4,3
"Hankard, Earnest",10074,0,0,Male,1,5,3,0,64246,0,20,Production Technician II,MA,2155,08/10/88,M ,Single,US Citizen,11/11/2013,,N/A-StillEmployed,Active,Production       ,Kelley Spirea,18,LinkedIn,Fully Meets,5,3,0,1/8/2019,0,20,34,51,No,Travel_Rarely,3,Life Sciences,3,19537,6462,7,No,13,3,80,0,23,5,3,20,18,15,15
"Harrington, Christie ",10097,0,0,Male,5,5,3,0,52177,1,19,Production Technician I,MA,2324,08/18/52,F,Single,US Citizen,1/9/2012,12/15/2015,retiring,Voluntarily Terminated,Production       ,Webster Butler,39,CareerBuilder,Fully Meets,4.64,4,0,5/2/2015,0,8,57,31,Yes,Travel_Rarely,4,Life Sciences,3,6172,20739,4,Yes,18,3,80,0,12,3,2,7,7,7,7
"Harrison, Kara",10007,1,1,Female,1,5,4,0,62065,0,19,Production Technician I,MA,1886,05/02/74,F,Married,US Citizen,5/12/2014,,N/A-StillEmployed,Active,Production       ,Amy Dunn,11,CareerBuilder,Exceeds,4.76,4,0,2/15/2019,0,5,46,26,No,Travel_Rarely,3,Other,2,2368,23300,1,No,19,3,80,0,5,3,2,5,4,4,3
"Heitzman, Anthony",10129,0,0,Female,1,5,3,0,46998,0,19,Production Technician I,MA,2149,01/04/84,M ,Single,US Citizen,8/13/2012,,N/A-StillEmployed,Active,Production       ,Ketsia Liebig,19,Google Search,Fully Meets,4.17,4,0,2/11/2019,0,1,34,58,Yes,Travel_Rarely,4,Medical,4,10312,3465,1,No,12,3,80,1,40,3,2,40,10,15,6
"Hendrickson, Trina",10075,0,0,Male,5,5,3,0,68099,1,20,Production Technician II,MA,2021,08/27/72,F,Single,US Citizen,1/10/2011,6/18/2013,hours,Voluntarily Terminated,Production       ,Kelley Spirea,18,CareerBuilder,Fully Meets,5,3,0,1/30/2013,0,15,45,19,Yes,Travel_Rarely,1,Marketing,3,1675,26820,1,Yes,19,3,80,0,0,2,2,0,0,0,0
"Hitchcock, Alfred",10167,1,1,Male,1,6,3,0,70545,0,3,Area Sales Manager,NH,3062,09/14/88,M ,Married,US Citizen,8/18/2014,,N/A-StillEmployed,Active,Sales,John Smith,17,Indeed,Fully Meets,3.6,5,0,1/30/2019,0,9,60,22,No,Travel_Rarely,1,Technical Degree,4,2523,19299,0,No,14,3,80,1,3,2,3,2,1,2,1
"Homberger, Adrienne  J",10195,1,1,Female,5,5,3,0,63478,1,20,Production Technician II,MA,2445,02/16/84,F,Married,Non-Citizen,8/15/2011,4/7/2012,relocation out of area,Voluntarily Terminated,Production       ,Michael Albert,30,Indeed,Fully Meets,3.03,5,0,3/5/2012,0,16,46,49,No,Travel_Rarely,4,Medical,1,6567,5549,1,No,14,3,80,0,16,2,2,15,11,5,11
"Horton, Jayne",10112,0,0,Female,1,3,3,0,97999,0,8,Database Administrator,MA,2493,02/21/84,F,Single,US Citizen,3/30/2015,,N/A-StillEmployed,Active,IT/IS,Simon Roup,4,Indeed,Fully Meets,4.48,5,6,1/3/2019,0,4,60,43,No,Travel_Frequently,3,Medical,3,4739,16090,4,No,12,3,80,0,18,2,3,3,2,1,2
"Houlihan, Debra",10272,1,1,Female,1,6,3,0,180000,0,11,Director of Sales,RI,2908,03/17/66,F,Married,US Citizen,5/5/2014,,N/A-StillEmployed,Active,Sales,Janet King,2,LinkedIn,Fully Meets,4.5,4,0,1/21/2019,0,19,47,50,No,Travel_Frequently,3,Marketing,4,9208,6645,4,No,11,3,80,0,16,3,3,2,2,2,1
"Howard, Estelle",10182,1,1,Female,1,1,3,0,49920,1,2,Administrative Assistant,MA,2170,09/16/85,F,Married,US Citizen,2/16/2015,4/15/2015,"no-call, no-show",Terminated for Cause,Admin Offices,Brandon R. LeBlanc,1,Indeed,Fully Meets,3.24,3,4,4/15/2015,0,6,54,31,Yes,Travel_Rarely,3,Life Sciences,3,4559,24788,3,Yes,11,3,80,1,4,2,3,2,2,2,2
"Hudson, Jane",10248,0,0,Male,1,5,3,0,55425,0,19,Production Technician I,MA,2176,06/10/86,F,Single,US Citizen,2/20/2012,,N/A-StillEmployed,Active,Production       ,Ketsia Liebig,19,LinkedIn,Fully Meets,4.8,4,0,1/7/2019,0,4,18,41,No,Travel_Rarely,1,Life Sciences,3,8189,21196,3,Yes,13,3,80,1,12,2,3,9,7,0,7
"Hunts, Julissa",10201,0,0,Female,2,5,3,0,69340,0,20,Production Technician II,MA,2021,03/11/84,F,Single,US Citizen,6/6/2016,,N/A-StillEmployed,Active,Production       ,Elijiah Gray,16,LinkedIn,Fully Meets,3,5,0,1/18/2019,0,4,85,26,No,Travel_Rarely,1,Life Sciences,3,2942,8916,1,No,23,4,80,1,8,3,3,8,7,5,7
"Hutter, Rosalie",10214,0,3,Male,2,5,3,0,64995,0,20,Production Technician II,MA,2351,05/07/92,F,Separated,US Citizen,6/5/2015,,N/A-StillEmployed,Active,Production       ,Webster Butler,,Indeed,Fully Meets,4.5,3,0,2/14/2019,0,6,85,36,No,Travel_Rarely,2,Medical,2,4941,2819,6,No,20,4,80,2,7,0,3,3,2,0,1
"Huynh, Ming",10160,0,2,Male,5,5,3,0,68182,1,20,Production Technician II,MA,1742,09/22/76,F,Divorced,US Citizen,2/21/2011,4/1/2013,unhappy,Voluntarily Terminated,Production       ,Amy Dunn,11,Google Search,Fully Meets,3.72,3,0,2/1/2013,0,18,3,51,Yes,Travel_Frequently,4,Life Sciences,4,10650,25150,2,No,15,3,80,0,18,2,3,4,2,0,3
"Immediato, Walter",10289,1,1,Female,5,5,2,0,83082,1,18,Production Manager,MA,2128,11/15/76,M ,Married,US Citizen,2/21/2011,9/24/2012,unhappy,Voluntarily Terminated,Production       ,Janet King,2,Indeed,Needs Improvement,2.34,2,0,4/12/2012,3,4,26,39,No,Travel_Rarely,4,Life Sciences,3,5902,14590,4,No,14,3,80,1,17,1,4,15,11,5,9
"Ivey, Rose ",10139,0,0,Male,1,5,3,0,51908,0,19,Production Technician I,MA,1775,01/28/91,F,Single,US Citizen,8/19/2013,,N/A-StillEmployed,Active,Production       ,Brannon Miller,12,Indeed,Fully Meets,3.99,3,0,1/14/2019,0,14,46,25,No,Travel_Rarely,3,Life Sciences,3,8639,24835,2,No,18,3,80,0,6,3,3,2,2,2,2
"Jackson, Maryellen",10227,0,0,Male,1,5,3,0,61242,0,19,Production Technician I,MA,2081,09/11/72,F,Single,US Citizen,11/5/2012,,N/A-StillEmployed,Active,Production       ,David Stanley,14,LinkedIn,Fully Meets,4.1,3,0,1/17/2019,0,7,34,30,No,Travel_Rarely,3,Human Resources,4,6347,13982,0,Yes,19,3,80,0,12,2,1,11,9,4,7
"Jacobi, Hannah  ",10236,0,2,Female,1,5,3,0,45069,0,19,Production Technician I,MA,1778,03/22/66,F,Divorced,US Citizen,9/30/2013,,N/A-StillEmployed,Active,Production       ,Kissy Sullivan,20,Employee Referral,Fully Meets,4.3,5,0,2/22/2019,0,7,48,32,Yes,Travel_Rarely,3,Medical,1,4200,10224,7,No,22,4,80,0,10,2,4,5,4,0,4
"Jeannite, Tayana",10009,0,2,Male,1,5,4,0,60724,0,20,Production Technician II,MA,1821,11/06/86,F,Divorced,US Citizen,7/5/2011,,N/A-StillEmployed,Active,Production       ,Ketsia Liebig,19,LinkedIn,Exceeds,4.6,4,0,2/25/2019,0,11,64,45,No,Travel_Rarely,3,Medical,4,3452,9752,5,No,13,3,80,0,9,2,2,6,5,0,3
"Jhaveri, Sneha  ",10060,0,3,Female,1,5,3,0,60436,0,19,Production Technician I,MA,2109,04/13/64,F,Separated,US Citizen,1/6/2014,,N/A-StillEmployed,Active,Production       ,Kelley Spirea,18,LinkedIn,Fully Meets,5,5,0,1/21/2019,0,9,64,38,No,Travel_Rarely,5,Technical Degree,3,4317,2302,3,Yes,20,4,80,0,19,2,3,3,2,2,2
"Johnson, George",10034,1,1,Female,5,5,4,0,46837,1,19,Production Technician I,MA,2445,08/19/59,M ,Married,US Citizen,11/7/2011,4/29/2018,more money,Voluntarily Terminated,Production       ,Michael Albert,22,CareerBuilder,Exceeds,4.7,4,0,2/14/2018,0,9,50,30,No,Travel_Rarely,3,Life Sciences,3,2632,23910,1,No,14,3,80,0,5,4,2,5,4,0,4
"Johnson, Noelle ",10156,1,1,Male,3,3,3,0,105700,0,8,Database Administrator,MA,2301,11/07/86,F,Married,US Citizen,1/5/2015,,N/A-StillEmployed,Active,IT/IS,Simon Roup,4,Indeed,Fully Meets,3.75,3,5,2/11/2019,0,2,79,32,No,Travel_Frequently,2,Medical,4,4668,22812,0,No,17,3,80,3,9,2,4,8,7,0,7
"Johnston, Yen",10036,0,0,Female,1,5,4,0,63322,0,20,Production Technician II,MA,2128,09/08/69,F,Single,US Citizen,7/7/2014,,N/A-StillEmployed,Active,Production       ,Brannon Miller,12,LinkedIn,Exceeds,4.3,3,0,1/11/2019,0,1,1,30,No,Travel_Rarely,3,Technical Degree,1,3204,10415,5,No,14,3,80,1,8,3,3,3,2,2,2
"Jung, Judy  ",10138,1,1,Male,5,5,3,0,61154,1,19,Production Technician I,MA,2446,04/17/86,F,Married,US Citizen,1/10/2011,4/1/2016,unhappy,Voluntarily Terminated,Production       ,Elijiah Gray,16,CareerBuilder,Fully Meets,4,4,0,2/3/2016,0,4,79,30,No,Travel_Rarely,1,Medical,4,2720,11162,0,No,13,3,80,0,6,3,3,5,3,1,2
"Kampew, Donysha",10244,0,0,Male,5,6,3,0,68999,1,21,Sales Manager,PA,19444,11/11/89,F,Single,US Citizen,11/7/2011,4/24/2014,maternity leave - did not return,Voluntarily Terminated,Sales,Debra Houlihan,15,Google Search,Fully Meets,4.5,5,0,3/30/2013,0,2,99,41,No,Travel_Frequently,3,Life Sciences,1,17181,12888,4,No,13,3,80,1,21,2,2,7,6,7,7
"Keatts, Kramer ",10192,0,0,Male,1,5,3,0,50482,0,19,Production Technician I,MA,1887,01/19/76,M ,Single,US Citizen,9/30/2013,,N/A-StillEmployed,Active,Production       ,Michael Albert,22,Indeed,Fully Meets,3.07,4,0,1/23/2019,0,10,97,41,No,Travel_Rarely,4,Life Sciences,1,2238,6961,2,No,21,4,80,1,7,2,3,5,0,1,4
"Khemmich, Bartholemew",10231,0,0,Female,1,6,3,0,65310,0,3,Area Sales Manager,CO,80820,11/27/79,M ,Single,US Citizen,8/19/2013,,N/A-StillEmployed,Active,Sales,Lynn Daneault,21,Indeed,Fully Meets,4.3,5,0,1/22/2019,0,13,18,19,No,Travel_Rarely,1,Medical,2,1483,16102,1,No,14,3,80,0,1,3,3,1,0,0,0
"King, Janet",10089,1,1,Female,1,2,3,0,250000,0,16,President & CEO,MA,1902,09/21/54,F,Married,US Citizen,7/2/2012,,N/A-StillEmployed,Active,Executive Office,Board of Directors,9,Indeed,Fully Meets,4.83,3,0,1/17/2019,0,10,53,40,No,Travel_Frequently,3,Medical,2,5605,8504,1,No,11,3,80,1,20,2,3,20,7,2,13
"Kinsella, Kathleen  ",10166,1,1,Male,5,5,3,0,54005,1,19,Production Technician I,MA,2170,12/08/73,F,Married,US Citizen,9/26/2011,6/4/2015,more money,Voluntarily Terminated,Production       ,Webster Butler,39,Google Search,Fully Meets,3.6,5,0,3/1/2015,0,16,68,35,No,Travel_Rarely,5,Marketing,2,7295,11439,1,No,13,3,80,2,10,3,3,10,8,0,6
"Kirill, Alexandra  ",10170,1,1,Male,5,5,3,0,45433,1,19,Production Technician I,MA,2127,10/08/70,F,Married,US Citizen,9/26/2011,1/9/2014,more money,Voluntarily Terminated,Production       ,Amy Dunn,11,Google Search,Fully Meets,3.49,4,0,1/30/2013,0,6,95,53,No,Travel_Rarely,2,Marketing,3,2306,16047,2,Yes,20,4,80,1,13,3,1,7,7,4,5
"Knapp, Bradley  J",10208,0,0,Male,1,5,3,0,46654,0,19,Production Technician I,MA,1721,11/10/77,M ,Single,US Citizen,2/17/2014,,N/A-StillEmployed,Active,Production       ,Ketsia Liebig,19,LinkedIn,Fully Meets,3.1,3,0,2/6/2019,0,3,17,45,No,Travel_Rarely,3,Life Sciences,2,2348,10901,8,No,18,3,80,1,20,2,1,17,9,0,15
"Kretschmer, John",10176,1,1,Female,1,5,3,0,63973,0,19,Production Technician I,MA,1801,02/02/80,M ,Married,US Citizen,1/10/2011,,N/A-StillEmployed,Active,Production       ,Brannon Miller,12,Indeed,Fully Meets,3.38,3,0,1/21/2019,0,17,94,32,No,Travel_Frequently,3,Marketing,4,8998,15589,1,No,14,3,80,0,9,2,3,9,8,3,7
"Kreuger, Freddy",10165,0,0,Male,1,6,3,1,71339,0,3,Area Sales Manager,NY,10171,02/24/69,M ,Single,US Citizen,3/7/2011,,N/A-StillEmployed,Active,Sales,John Smith,17,Diversity Job Fair,Fully Meets,3.65,5,0,1/17/2019,0,20,27,29,No,Non-Travel,1,Technical Degree,3,4319,26283,1,No,13,3,80,1,10,1,3,10,7,0,9
"Lajiri,  Jyoti",10113,1,1,Male,3,3,3,0,93206,0,28,Sr. Network Engineer,MA,2169,04/23/86,M ,Married,US Citizen,11/10/2014,,N/A-StillEmployed,Active,IT/IS,Peter Monroe,7,Employee Referral,Fully Meets,4.46,5,6,1/7/2019,0,7,95,51,No,Travel_Rarely,4,Medical,3,6132,13983,2,No,17,3,80,0,10,2,3,1,0,0,0
"Landa, Hans",10092,1,1,Female,4,5,3,0,82758,1,18,Production Manager,MA,1890,07/01/72,M ,Married,US Citizen,1/10/2011,12/12/2015,attendance,Terminated for Cause,Production       ,Janet King,2,Employee Referral,Fully Meets,4.78,4,0,2/15/2015,0,9,78,58,No,Travel_Rarely,3,Medical,2,3346,11873,4,Yes,20,4,80,1,9,3,2,1,0,0,0
"Langford, Lindsey",10106,0,2,Male,5,5,3,0,66074,1,20,Production Technician II,MA,2090,07/25/79,F,Divorced,US Citizen,1/7/2013,3/31/2014,Another position,Voluntarily Terminated,Production       ,David Stanley,14,Indeed,Fully Meets,4.52,3,0,2/20/2014,0,20,87,40,No,Travel_Rarely,4,Marketing,4,10855,8552,7,No,11,3,80,1,15,2,2,12,11,2,11
"Langton, Enrico",10052,1,1,Female,1,5,3,0,46120,0,19,Production Technician I,MA,2048,12/09/86,M ,Married,US Citizen,7/9/2012,,N/A-StillEmployed,Active,Production       ,David Stanley,14,LinkedIn,Fully Meets,5,5,0,2/4/2019,0,13,59,34,No,Travel_Frequently,4,Marketing,3,2231,11314,6,No,18,3,80,1,6,3,3,4,3,1,2
"LaRotonda, William  ",10038,0,2,Male,1,1,3,0,64520,0,1,Accountant I,MA,1460,04/26/84,M ,Divorced,US Citizen,1/6/2014,,N/A-StillEmployed,Active,Admin Offices,Brandon R. LeBlanc,1,Website,Fully Meets,5,4,4,1/17/2019,0,3,92,22,No,Travel_Rarely,1,Medical,4,2323,11992,1,No,24,4,80,2,2,6,3,2,2,2,2
"Latif, Mohammed",10249,1,1,Male,5,5,3,0,61962,1,20,Production Technician II,MA,2126,05/09/84,M ,Married,US Citizen,4/2/2012,4/15/2013,more money,Voluntarily Terminated,Production       ,Kissy Sullivan,20,Google Search,Fully Meets,4.9,3,0,2/20/2013,0,20,59,27,No,Non-Travel,3,Medical,2,2024,5970,6,No,18,3,80,1,6,1,1,2,2,2,2
"Le, Binh",10232,0,0,Male,1,3,3,0,81584,0,22,Senior BI Developer,MA,1886,06/14/87,F,Single,US Citizen,10/2/2016,,N/A-StillEmployed,Active,IT/IS,Brian Champaigne,13,Indeed,Fully Meets,4.1,5,7,1/8/2019,0,2,69,28,No,Travel_Rarely,3,Medical,4,2713,6672,1,No,11,3,80,1,5,2,1,5,2,0,2
"Leach, Dallas",10087,0,0,Male,5,5,3,0,63676,1,19,Production Technician I,MA,1810,01/17/79,F,Single,US Citizen,9/26/2011,8/19/2018,return to school,Voluntarily Terminated,Production       ,Kissy Sullivan,20,CareerBuilder,Fully Meets,4.88,3,0,7/2/2017,0,17,62,57,No,Travel_Rarely,2,Life Sciences,4,9439,23402,3,Yes,16,3,80,1,12,2,1,5,3,1,4
"LeBlanc, Brandon  R",10134,1,1,Male,1,1,3,0,93046,0,23,Shared Services Manager,MA,1460,06/10/84,M ,Married,US Citizen,1/5/2016,,N/A-StillEmployed,Active,Admin Offices,Janet King,2,CareerBuilder,Fully Meets,4.1,4,0,1/28/2019,0,20,9,27,No,Non-Travel,3,Medical,3,2566,25326,1,Yes,15,3,80,1,1,2,2,1,1,0,1
"Lecter, Hannibal",10251,1,1,Female,1,5,3,0,64738,0,19,Production Technician I,MA,1776,09/02/82,M ,Married,US Citizen,5/14/2012,,N/A-StillEmployed,Active,Production       ,Elijiah Gray,16,Google Search,Fully Meets,4.1,3,0,2/22/2019,0,10,2,50,No,Travel_Rarely,3,Life Sciences,2,19926,17053,3,No,15,3,80,0,21,5,3,5,4,4,4
"Leruth, Giovanni",10103,0,3,Male,1,6,3,0,70468,0,3,Area Sales Manager,UT,84111,12/27/88,M ,Separated,US Citizen,4/30/2012,,N/A-StillEmployed,Active,Sales,John Smith,17,Website,Fully Meets,4.53,3,0,1/29/2019,0,16,6,41,No,Travel_Rarely,3,Life Sciences,3,2451,4609,4,No,12,3,80,1,13,2,3,9,8,1,8
"Liebig, Ketsia",10017,1,1,Female,1,5,4,0,77915,0,18,Production Manager,MA,2110,10/26/81,F,Married,US Citizen,9/30/2013,,N/A-StillEmployed,Active,Production       ,Janet King,2,Website,Exceeds,4.1,3,0,1/21/2019,0,11,98,30,No,Travel_Rarely,3,Life Sciences,4,9419,8053,2,No,12,3,80,1,12,2,3,10,9,7,4
"Linares, Marilyn ",10186,1,1,Female,5,5,3,0,52624,1,19,Production Technician I,MA,1886,03/26/81,F,Married,US Citizen,7/5/2011,9/26/2018,unhappy,Voluntarily Terminated,Production       ,Michael Albert,22,Indeed,Fully Meets,3.18,4,0,3/2/2018,0,16,20,38,No,Travel_Rarely,4,Life Sciences,4,8686,12930,4,No,22,4,80,0,12,2,4,8,3,0,7
"Linden, Mathew",10137,1,1,Male,3,5,3,0,63450,0,20,Production Technician II,MA,1770,03/19/79,M ,Married,US Citizen,7/8/2013,,N/A-StillEmployed,Active,Production       ,Kelley Spirea,18,LinkedIn,Fully Meets,4,3,0,2/18/2019,0,7,51,32,No,Travel_Rarely,5,Life Sciences,3,3038,12430,3,No,20,4,80,0,8,2,3,5,4,1,4
"Lindsay, Leonara ",10008,0,0,Male,1,3,4,1,51777,0,14,IT Support,CT,6070,10/05/88,F,Single,US Citizen,1/21/2011,,N/A-StillEmployed,Active,IT/IS,Eric Dougall,6,Diversity Job Fair,Exceeds,4.64,4,5,1/25/2019,0,14,46,27,No,Travel_Rarely,3,Technical Degree,2,3058,13364,0,Yes,16,3,80,1,6,3,2,5,2,1,1
"Lundy, Susan",10096,0,4,Female,5,5,3,0,67237,1,20,Production Technician II,MA,2122,12/26/76,F,Widowed,US Citizen,7/8/2013,9/15/2016,more money,Voluntarily Terminated,Production       ,Michael Albert,22,LinkedIn,Fully Meets,4.65,4,0,6/10/2016,0,15,97,19,Yes,Travel_Frequently,1,Technical Degree,1,2325,20989,0,No,21,4,80,0,1,5,4,0,0,0,0
"Lunquist, Lisa",10035,0,0,Male,1,5,4,0,73330,0,20,Production Technician II,MA,2324,03/28/82,F,Single,US Citizen,8/19/2013,,N/A-StillEmployed,Active,Production       ,Elijiah Gray,16,Indeed,Exceeds,4.2,4,0,2/12/2019,0,19,65,36,No,Travel_Frequently,2,Medical,2,2088,15062,4,No,12,3,80,0,13,3,2,8,7,7,2
"Lydon, Allison",10057,1,1,Male,3,5,3,0,52057,0,19,Production Technician I,MA,2122,10/22/75,F,Married,US Citizen,2/16/2015,,N/A-StillEmployed,Active,Production       ,Elijiah Gray,16,Website,Fully Meets,5,3,0,1/23/2019,0,6,9,30,No,Non-Travel,3,Medical,1,3072,11012,1,No,11,3,80,2,12,4,3,12,9,6,10
"Lynch, Lindsay",10004,0,0,Female,5,5,4,1,47434,1,19,Production Technician I,MA,1844,02/14/73,F,Single,US Citizen,11/7/2011,11/14/2015,Another position,Voluntarily Terminated,Production       ,Webster Butler,39,Diversity Job Fair,Exceeds,5,4,0,2/2/2015,0,17,69,45,No,Travel_Rarely,2,Life Sciences,1,5006,6319,4,Yes,11,3,80,1,9,3,4,5,4,0,3
"MacLennan, Samuel",10191,0,4,Female,5,5,3,0,52788,1,19,Production Technician I,MA,1938,11/09/72,M ,Widowed,US Citizen,9/24/2012,9/26/2017,hours,Voluntarily Terminated,Production       ,Amy Dunn,11,Indeed,Fully Meets,3.08,4,0,4/1/2017,0,18,30,56,No,Travel_Rarely,3,Life Sciences,1,4257,13939,4,Yes,18,3,80,1,19,3,3,2,2,2,2
"Mahoney, Lauren  ",10219,0,0,Male,1,5,3,0,45395,0,19,Production Technician I,MA,2189,07/07/86,F,Single,US Citizen,1/6/2014,,N/A-StillEmployed,Active,Production       ,Ketsia Liebig,19,LinkedIn,Fully Meets,4.6,4,0,2/26/2019,0,14,58,33,No,Travel_Rarely,3,Life Sciences,4,2500,10515,0,No,14,3,80,0,4,2,4,3,1,0,2
"Manchester, Robyn",10077,1,1,Male,2,5,3,0,62385,0,20,Production Technician II,MA,2324,08/25/76,F,Married,US Citizen,5/11/2016,,N/A-StillEmployed,Active,Production       ,Webster Butler,,LinkedIn,Fully Meets,5,3,0,1/21/2019,0,4,34,19,Yes,Travel_Rarely,3,Life Sciences,4,1102,9241,1,No,22,4,80,0,1,3,2,1,0,1,0
"Mancuso, Karen",10073,1,1,Female,5,5,3,0,68407,1,20,Production Technician II,MA,2176,12/10/86,F,Married,US Citizen,7/5/2011,8/19/2012,Another position,Voluntarily Terminated,Production       ,Amy Dunn,11,LinkedIn,Fully Meets,5,4,0,7/2/2012,0,16,74,46,No,Travel_Rarely,2,Marketing,1,10453,2137,1,No,25,4,80,3,24,2,3,24,13,15,7
"Mangal, Debbie",10279,1,1,Female,1,5,3,0,61349,0,19,Production Technician I,MA,2451,11/07/74,F,Married,US Citizen,11/11/2013,,N/A-StillEmployed,Active,Production       ,Brannon Miller,12,LinkedIn,Fully Meets,4.1,3,0,1/22/2019,0,11,42,38,No,Travel_Rarely,2,Life Sciences,4,2288,6319,1,No,12,3,80,0,2,3,3,2,2,2,1
"Martin, Sandra",10110,0,0,Female,1,4,3,0,105688,0,24,Software Engineer,MA,2135,11/07/87,F,Single,US Citizen,11/11/2013,,N/A-StillEmployed,Active,Software Engineering,Alex Sweetwater,10,Google Search,Fully Meets,4.5,5,4,1/14/2019,0,14,14,31,No,Travel_Rarely,1,Medical,4,3929,6984,8,Yes,23,4,80,1,7,0,3,4,2,0,2
"Maurice, Shana",10053,1,1,Female,1,5,3,0,54132,0,19,Production Technician I,MA,2330,11/22/77,F,Married,US Citizen,5/31/2011,,N/A-StillEmployed,Active,Production       ,David Stanley,14,Indeed,Fully Meets,5,4,0,1/10/2019,0,8,89,34,No,Travel_Rarely,2,Medical,2,2311,5711,2,No,15,3,80,0,9,3,3,3,2,1,2
"Carthy, B'rigit",10076,0,0,Female,1,5,3,0,55315,0,20,Production Technician II,MA,2149,05/21/87,F,Single,US Citizen,3/30/2015,,N/A-StillEmployed,Active,Production       ,Ketsia Liebig,19,LinkedIn,Fully Meets,5,5,0,2/7/2019,0,16,46,41,Yes,Travel_Rarely,2,Marketing,2,3140,21728,1,Yes,22,4,80,0,4,5,2,4,3,0,2
"Mckenna, Sandy",10145,1,1,Male,1,5,3,0,62810,0,19,Production Technician I,MA,2184,01/07/87,F,Married,US Citizen,1/7/2013,,N/A-StillEmployed,Active,Production       ,Kissy Sullivan,20,CareerBuilder,Fully Meets,3.93,3,0,1/30/2019,0,20,29,50,No,Travel_Rarely,3,Medical,3,3690,3425,2,No,15,3,80,1,5,2,2,3,2,0,2
"McKinzie, Jac",10202,1,1,Female,2,6,3,0,63291,0,3,Area Sales Manager,TX,78789,07/01/84,M ,Married,US Citizen,7/6/2016,,N/A-StillEmployed,Active,Sales,Lynn Daneault,21,Website,Fully Meets,3.4,4,0,1/29/2019,0,7,12,53,No,Travel_Rarely,2,Medical,1,4450,26250,1,No,11,3,80,2,5,3,3,4,2,1,3
"Meads, Elizabeth",10128,0,0,Female,5,5,3,1,62659,1,19,Production Technician I,MA,1760,05/30/68,F,Single,US Citizen,4/2/2012,11/11/2016,Another position,Voluntarily Terminated,Production       ,Kelley Spirea,18,Diversity Job Fair,Fully Meets,4.18,4,0,2/5/2016,0,17,64,33,No,Travel_Rarely,3,Medical,2,2756,4673,1,No,13,3,80,1,8,5,3,8,7,1,6
"Medeiros, Jennifer",10068,0,0,Female,1,5,3,0,55688,0,19,Production Technician I,MA,2346,09/22/76,F,Single,US Citizen,3/30/2015,,N/A-StillEmployed,Active,Production       ,Michael Albert,22,CareerBuilder,Fully Meets,5,4,0,1/21/2019,0,10,18,40,No,Travel_Rarely,1,Medical,3,19033,6499,1,No,14,3,80,1,21,2,3,20,8,9,9
"Miller, Brannon",10116,0,0,Male,1,5,3,0,83667,0,18,Production Manager,MA,2045,08/10/81,M ,Single,US Citizen,8/16/2012,,N/A-StillEmployed,Active,Production       ,Janet King,2,Indeed,Fully Meets,4.37,3,0,1/14/2019,0,2,94,55,No,Travel_Rarely,4,Medical,2,18722,13339,8,No,11,3,80,0,36,3,3,24,15,2,15
"Miller, Ned",10298,0,0,Male,5,5,1,0,55800,1,20,Production Technician II,MA,2472,06/29/85,M ,Single,US Citizen,8/15/2011,9/4/2014,unhappy,Voluntarily Terminated,Production       ,Brannon Miller,12,LinkedIn,PIP,3,2,0,1/14/2013,6,6,86,34,No,Travel_Frequently,1,Life Sciences,3,9547,14074,1,No,17,3,80,0,10,2,2,10,9,1,9
"Monkfish, Erasumus",10213,1,1,Female,1,5,3,0,58207,0,20,Production Technician II,MA,1450,08/17/92,M ,Married,US Citizen,11/7/2011,,N/A-StillEmployed,Active,Production       ,David Stanley,14,LinkedIn,Fully Meets,3.7,3,0,1/8/2019,0,14,59,51,No,Travel_Rarely,3,Medical,2,13734,7192,3,No,18,3,80,0,21,6,3,7,7,1,0
"Monroe, Peter",10288,1,1,Male,1,3,2,1,157000,0,13,IT Manager - Infra,MA,2134,10/05/86,M ,Married,Eligible NonCitizen,2/15/2012,,N/A-StillEmployed,Active,IT/IS,Jennifer Zamora,5,Diversity Job Fair,Needs Improvement,2.39,3,6,2/22/2019,4,13,1,52,No,Travel_Rarely,4,Life Sciences,3,19999,5678,0,No,14,3,80,1,34,5,3,33,18,11,9
"Monterro, Luisa",10025,0,0,Female,1,5,4,0,72460,0,20,Production Technician II,MA,2126,04/24/70,F,Single,US Citizen,5/13/2013,,N/A-StillEmployed,Active,Production       ,Kissy Sullivan,20,Indeed,Exceeds,4.7,3,0,1/14/2019,0,1,80,27,No,Travel_Rarely,3,Medical,2,2279,11781,1,No,16,3,80,0,7,2,2,7,7,0,3
"Moran, Patrick",10223,0,0,Male,3,5,3,1,72106,0,20,Production Technician II,MA,2127,12/03/76,M ,Single,US Citizen,1/9/2012,,N/A-StillEmployed,Active,Production       ,Kelley Spirea,18,Diversity Job Fair,Fully Meets,4.1,4,0,1/31/2019,0,12,94,35,Yes,Travel_Rarely,2,Life Sciences,3,5916,15497,3,Yes,13,3,80,0,8,1,3,1,0,0,1
"Morway, Tanya",10151,1,1,Male,1,3,3,0,52599,0,15,Network Engineer,MA,2048,04/04/79,F,Married,US Citizen,2/16/2015,,N/A-StillEmployed,Active,IT/IS,Peter Monroe,7,CareerBuilder,Fully Meets,3.81,3,6,2/11/2019,0,6,39,43,No,Non-Travel,3,Medical,4,2089,5228,4,No,14,3,80,3,7,3,4,5,4,2,2
"Motlagh,  Dawn",10254,0,2,Male,1,5,3,0,63430,0,19,Production Technician I,MA,2453,07/07/84,F,Divorced,US Citizen,4/1/2013,,N/A-StillEmployed,Active,Production       ,Elijiah Gray,16,LinkedIn,Fully Meets,4.4,4,0,1/17/2019,0,18,24,45,No,Non-Travel,2,Medical,4,16792,20462,9,No,23,4,80,1,22,1,3,20,8,11,8
"Moumanil, Maliki ",10120,0,3,Male,1,5,3,0,74417,0,20,Production Technician II,MA,1460,12/01/74,M ,Separated,US Citizen,5/13/2013,,N/A-StillEmployed,Active,Production       ,Michael Albert,22,LinkedIn,Fully Meets,4.29,5,0,1/28/2019,0,11,47,37,No,Travel_Rarely,3,Life Sciences,1,3564,22977,1,Yes,12,3,80,1,8,3,2,8,7,1,7
"Myers, Michael",10216,0,0,Female,1,5,3,0,57575,0,19,Production Technician I,MA,1550,04/18/80,M ,Single,US Citizen,7/8/2013,,N/A-StillEmployed,Active,Production       ,Kissy Sullivan,20,LinkedIn,Fully Meets,4.1,4,0,1/22/2019,0,13,31,35,No,Travel_Frequently,3,Medical,2,4425,15986,5,No,11,3,80,0,10,5,3,6,2,1,2
"Navathe, Kurt",10079,0,0,Female,1,3,3,0,87921,0,22,Senior BI Developer,MA,2056,04/25/70,M ,Single,US Citizen,2/10/2017,,N/A-StillEmployed,Active,IT/IS,Brian Champaigne,13,Indeed,Fully Meets,5,3,6,2/25/2019,0,17,64,42,No,Non-Travel,2,Medical,3,5265,16439,2,No,16,3,80,1,11,5,3,5,3,0,2
"Ndzi, Colombui",10215,0,0,Male,5,5,3,1,50470,1,19,Production Technician I,MA,2110,05/02/89,M ,Single,US Citizen,9/26/2011,4/4/2014,return to school,Voluntarily Terminated,Production       ,Webster Butler,39,Diversity Job Fair,Fully Meets,4.3,3,0,3/2/2013,0,19,14,38,No,Travel_Rarely,4,Life Sciences,3,6553,7259,9,No,14,3,80,0,14,3,3,1,0,0,0
"Ndzi, Horia",10185,1,1,Male,5,5,3,0,46664,1,19,Production Technician I,MA,2421,03/28/83,M ,Married,US Citizen,4/1/2013,5/25/2016,more money,Voluntarily Terminated,Production       ,Amy Dunn,11,Employee Referral,Fully Meets,3.18,3,0,3/6/2016,0,10,74,38,No,Travel_Rarely,3,Technical Degree,4,6261,4185,3,No,18,3,80,1,9,3,1,7,7,1,7
"Newman, Richard ",10063,1,1,Male,3,5,3,0,48495,0,19,Production Technician I,MA,2136,04/08/77,M ,Married,US Citizen,5/12/2014,,N/A-StillEmployed,Active,Production       ,Ketsia Liebig,19,LinkedIn,Fully Meets,5,5,0,2/18/2019,0,11,96,27,No,Travel_Frequently,1,Technical Degree,1,4298,9679,5,No,19,3,80,1,6,1,3,2,2,2,0
"Ngodup, Shari ",10037,0,3,Male,1,5,4,1,52984,0,19,Production Technician I,MA,1810,06/03/67,F,Separated,US Citizen,4/1/2013,,N/A-StillEmployed,Active,Production       ,Brannon Miller,12,Diversity Job Fair,Exceeds,4,3,0,2/13/2019,0,12,29,49,No,Non-Travel,4,Life Sciences,4,6804,23793,1,Yes,15,3,80,2,7,0,3,7,7,1,7
"Nguyen, Dheepa",10042,0,0,Male,1,6,3,0,63695,0,3,Area Sales Manager,GA,30428,03/31/89,F,Single,US Citizen,7/8/2013,,N/A-StillEmployed,Active,Sales,Lynn Daneault,21,Indeed,Fully Meets,5,5,0,1/25/2019,0,2,3,34,No,Travel_Frequently,4,Medical,3,3815,5972,1,Yes,17,3,80,1,5,4,4,5,3,2,0
"Nguyen, Lei-Ming",10206,0,0,Male,1,5,3,0,62061,0,19,Production Technician I,MA,2132,07/07/84,F,Single,US Citizen,7/8/2013,,N/A-StillEmployed,Active,Production       ,David Stanley,14,LinkedIn,Fully Meets,3.6,5,0,1/2/2019,0,4,97,40,No,Travel_Rarely,2,Medical,4,2741,16523,8,Yes,15,3,80,1,15,2,4,7,2,3,7
"Nowlan, Kristie",10104,0,0,Male,1,5,3,0,66738,0,20,Production Technician II,MA,1040,11/23/85,F,Single,US Citizen,11/10/2014,,N/A-StillEmployed,Active,Production       ,Elijiah Gray,16,Indeed,Fully Meets,4.53,5,0,1/16/2019,0,5,71,38,Yes,Travel_Rarely,1,Medical,1,6673,11354,7,Yes,19,3,80,0,17,2,3,1,0,0,0
"O'hare, Lynn",10303,0,0,Female,4,5,1,0,52674,1,19,Production Technician I,MA,2152,09/30/80,F,Single,US Citizen,3/31/2014,5/1/2018,performance,Terminated for Cause,Production       ,Kissy Sullivan,20,LinkedIn,PIP,2.33,2,0,3/9/2018,6,3,63,29,Yes,Travel_Rarely,3,Marketing,4,7639,24525,1,No,22,4,80,3,10,3,2,10,4,1,9
"Oliver, Brooke ",10078,1,1,Male,5,5,3,0,71966,1,20,Production Technician II,MA,2492,02/11/52,F,Married,US Citizen,5/14/2012,8/19/2013,unhappy,Voluntarily Terminated,Production       ,Webster Butler,39,LinkedIn,Fully Meets,5,3,0,7/2/2013,0,17,96,22,No,Travel_Rarely,3,Life Sciences,2,2328,12392,1,Yes,16,3,80,1,4,2,2,4,2,2,2
"Onque, Jasmine",10121,0,0,Female,1,6,3,0,63051,0,3,Area Sales Manager,FL,33174,05/11/90,F,Single,US Citizen,9/30/2013,,N/A-StillEmployed,Active,Sales,Lynn Daneault,21,Indeed,Fully Meets,4.28,3,0,1/25/2019,0,1,35,36,No,Travel_Frequently,1,Medical,4,2153,7703,1,No,13,3,80,0,8,2,3,8,1,1,7
"Osturnka, Adeel",10021,1,1,Male,1,5,4,0,47414,0,19,Production Technician I,MA,2478,12/11/76,M ,Married,US Citizen,9/30/2013,,N/A-StillEmployed,Active,Production       ,Kelley Spirea,18,LinkedIn,Exceeds,5,3,0,2/7/2019,0,13,23,40,No,Non-Travel,5,Life Sciences,4,4876,14242,9,No,14,3,80,1,5,5,1,3,2,0,2
"Owad, Clinton",10281,0,0,Male,1,5,2,0,53060,0,19,Production Technician I,MA,1760,11/24/79,M ,Single,US Citizen,2/17/2014,,N/A-StillEmployed,Active,Production       ,Michael Albert,22,LinkedIn,Needs Improvement,4.25,3,0,2/4/2019,4,6,78,46,No,Travel_Rarely,4,Medical,1,9396,12368,7,No,16,3,80,1,17,3,3,4,2,0,3
"Ozark, Travis",10041,0,0,Male,1,6,3,0,68829,0,3,Area Sales Manager,NC,27229,05/19/82,M ,Single,US Citizen,1/5/2015,,N/A-StillEmployed,Active,Sales,John Smith,17,Website,Fully Meets,5,5,0,1/14/2019,0,18,93,32,Yes,Travel_Rarely,4,Medical,4,10400,25812,1,No,11,3,80,0,14,2,2,14,8,9,8
"Panjwani, Nina",10148,1,1,Male,5,5,3,0,63515,1,19,Production Technician I,MA,2351,05/01/79,F,Married,US Citizen,2/7/2011,1/12/2014,Another position,Voluntarily Terminated,Production       ,Elijiah Gray,16,Google Search,Fully Meets,3.89,4,0,3/4/2013,0,7,76,30,No,Non-Travel,1,Life Sciences,3,8474,20925,1,No,22,4,80,0,12,2,3,11,8,5,8
"Patronick, Lucas",10005,0,0,Female,5,4,4,1,108987,1,24,Software Engineer,MA,1844,02/20/79,M ,Single,US Citizen,11/7/2011,9/7/2015,Another position,Voluntarily Terminated,Software Engineering,Alex Sweetwater,10,Diversity Job Fair,Exceeds,5,5,3,8/16/2015,0,13,16,27,No,Travel_Frequently,3,Life Sciences,3,9981,12916,1,No,14,3,80,0,7,2,3,7,7,0,7
"Pearson, Randall",10259,1,1,Male,5,3,3,0,93093,1,9,Data Analyst,MA,2747,09/05/84,M ,Married,US Citizen,12/1/2014,5/1/2016,performance,Voluntarily Terminated,IT/IS,Simon Roup,4,Employee Referral,Fully Meets,4.7,4,5,1/16/2016,0,19,51,51,No,Travel_Rarely,4,Life Sciences,2,12490,15736,5,No,16,3,80,2,16,5,1,10,9,4,7
"Smith, Martin",10286,0,0,Female,5,5,2,0,53564,1,19,Production Technician I,MA,2458,03/17/88,M ,Single,US Citizen,1/10/2011,12/28/2017,career change,Voluntarily Terminated,Production       ,Webster Butler,39,Google Search,Needs Improvement,3.54,5,0,4/6/2017,4,15,66,30,Yes,Travel_Rarely,3,Technical Degree,1,2657,8556,5,Yes,11,3,80,0,8,5,3,5,2,0,4
"Pelletier, Ermine",10297,1,1,Female,5,5,2,0,60270,1,20,Production Technician II,MA,2472,07/18/89,F,Married,US Citizen,7/5/2011,9/15/2015,unhappy,Voluntarily Terminated,Production       ,Amy Dunn,11,CareerBuilder,Needs Improvement,2.4,5,0,2/6/2015,5,2,43,41,No,Travel_Rarely,3,Life Sciences,4,13591,14674,3,Yes,18,3,80,0,16,3,3,1,0,0,0
"Perry, Shakira",10171,0,0,Female,5,5,3,0,45998,1,19,Production Technician I,MA,2176,07/20/86,F,Single,US Citizen,5/16/2011,10/25/2015,medical issues,Voluntarily Terminated,Production       ,Amy Dunn,11,LinkedIn,Fully Meets,3.45,4,0,5/13/2014,0,5,5,30,Yes,Travel_Frequently,4,Marketing,1,6696,22967,5,No,15,3,80,0,9,5,2,6,3,0,1
"Peters, Lauren",10032,1,1,Male,5,5,4,0,57954,1,20,Production Technician II,MA,1886,08/17/86,F,Married,US Citizen,5/16/2011,2/4/2013,more money,Voluntarily Terminated,Production       ,Ketsia Liebig,19,Indeed,Exceeds,4.2,5,0,1/10/2013,0,12,22,29,Yes,Travel_Rarely,3,Technical Degree,3,2058,19757,0,No,14,3,80,0,7,1,2,6,2,1,5
"Peterson, Ebonee  ",10130,1,1,Female,5,5,3,0,74669,1,18,Production Manager,MA,2030,05/09/77,F,Married,US Citizen,10/25/2010,5/18/2016,Another position,Voluntarily Terminated,Production       ,Janet King,2,Indeed,Fully Meets,4.16,5,0,3/5/2015,0,6,28,45,No,Non-Travel,3,Medical,4,8865,16840,6,No,12,3,80,0,23,2,3,19,7,12,8
"Petingill, Shana  ",10217,1,1,Female,1,5,3,0,74226,0,20,Production Technician II,MA,2050,03/10/79,F,Married,Eligible NonCitizen,4/2/2012,,N/A-StillEmployed,Active,Production       ,Brannon Miller,12,LinkedIn,Fully Meets,4.3,3,0,1/14/2019,0,14,99,54,No,Travel_Rarely,3,Marketing,1,5940,17011,2,No,14,3,80,1,16,4,3,6,2,0,5
"Petrowsky, Thelma",10016,1,1,Male,1,3,4,0,93554,0,9,Data Analyst,MA,1886,09/16/84,F,Married,US Citizen,11/10/2014,,N/A-StillEmployed,Active,IT/IS,Simon Roup,4,Employee Referral,Exceeds,4.6,5,7,1/4/2019,0,16,12,36,No,Travel_Rarely,2,Life Sciences,2,5914,9945,8,No,16,3,80,0,16,3,4,13,11,3,7
"Pham, Hong",10050,1,1,Female,5,5,3,0,64724,1,19,Production Technician I,MA,2451,03/06/88,M ,Married,US Citizen,7/5/2011,11/30/2012,more money,Voluntarily Terminated,Production       ,Brannon Miller,12,Google Search,Fully Meets,5,3,0,2/20/2012,0,13,82,33,No,Travel_Rarely,4,Medical,2,2622,13248,6,No,21,4,80,0,7,3,3,3,2,1,1
"Pitt, Brad ",10164,0,0,Male,1,5,3,0,47001,0,19,Production Technician I,MA,2451,11/23/81,M ,Single,US Citizen,11/5/2007,,N/A-StillEmployed,Active,Production       ,David Stanley,14,Google Search,Fully Meets,3.66,3,0,2/25/2019,0,15,83,37,No,Travel_Frequently,3,Other,4,12185,10056,1,Yes,14,3,80,3,10,1,3,10,8,0,7
"Potts, Xana",10124,1,1,Male,1,6,3,0,61844,0,3,Area Sales Manager,KY,40220,08/29/88,F,Married,US Citizen,1/9/2012,,N/A-StillEmployed,Active,Sales,Lynn Daneault,21,Website,Fully Meets,4.2,5,0,2/1/2019,0,9,22,38,No,Travel_Rarely,3,Life Sciences,3,10609,9647,0,No,12,3,80,2,17,6,2,16,10,5,13
"Power, Morissa",10187,0,2,Male,5,5,3,0,46799,1,19,Production Technician I,MA,1742,10/15/84,F,Divorced,Eligible NonCitizen,5/16/2011,6/4/2018,Another position,Voluntarily Terminated,Production       ,Kissy Sullivan,20,Google Search,Fully Meets,3.17,4,0,4/2/2018,0,14,3,31,No,Non-Travel,4,Medical,3,4345,4381,0,No,12,3,80,1,6,2,3,5,4,1,4
"Punjabhi, Louis  ",10225,0,0,Male,1,5,3,0,59472,0,19,Production Technician I,MA,2109,06/19/61,M ,Single,US Citizen,1/6/2014,,N/A-StillEmployed,Active,Production       ,Kelley Spirea,18,Employee Referral,Fully Meets,4.8,3,0,1/7/2019,0,14,14,59,No,Travel_Rarely,3,Life Sciences,4,2177,8456,3,No,17,3,80,1,7,6,3,1,0,0,0
"Purinton, Janine",10262,0,2,Male,5,5,3,0,46430,1,19,Production Technician I,MA,2474,09/22/70,F,Divorced,US Citizen,9/24/2012,6/18/2013,unhappy,Voluntarily Terminated,Production       ,Kissy Sullivan,20,Indeed,Fully Meets,4.5,5,0,4/2/2013,0,16,95,37,No,Travel_Frequently,4,Marketing,4,2793,2539,4,No,17,3,80,1,13,2,3,9,8,5,8
"Quinn, Sean",10131,1,1,Female,5,1,3,1,83363,1,23,Software Engineer,MA,2045,11/06/84,M ,Married,Eligible NonCitizen,2/21/2011,8/15/2015,career change,Voluntarily Terminated,Software Engineering,Janet King,2,Diversity Job Fair,Fully Meets,4.15,4,0,4/19/2014,0,4,51,29,No,Travel_Frequently,1,Medical,4,7918,6599,1,No,14,3,80,1,11,5,3,11,10,4,1
"Rachael, Maggie",10239,1,1,Female,1,3,3,0,95920,0,4,BI Developer,MA,2110,05/12/80,F,Married,US Citizen,10/2/2016,,N/A-StillEmployed,Active,IT/IS,Brian Champaigne,13,Indeed,Fully Meets,4.4,4,6,2/6/2019,0,10,71,35,No,Travel_Frequently,3,Marketing,3,8789,9096,1,No,14,3,80,0,10,3,4,10,7,0,8
"Rarrick, Quinn",10152,0,2,Male,5,5,3,0,61729,1,19,Production Technician I,MA,2478,12/31/84,M ,Divorced,US Citizen,9/26/2011,4/7/2018,more money,Voluntarily Terminated,Production       ,Michael Albert,22,Indeed,Fully Meets,3.8,5,0,2/4/2018,0,19,65,29,Yes,Travel_Rarely,1,Medical,4,2389,14961,1,Yes,13,3,80,0,4,3,2,4,3,0,1
"Ren, Kylo",10140,1,1,Female,1,6,3,0,61809,0,3,Area Sales Manager,ID,83706,10/12/54,M ,Married,US Citizen,5/12/2014,,N/A-StillEmployed,Active,Sales,John Smith,17,CareerBuilder,Fully Meets,3.98,3,0,1/28/2019,0,4,79,52,No,Travel_Rarely,3,Life Sciences,4,3212,3300,7,No,15,3,80,0,6,3,2,2,2,2,2
"Rhoads, Thomas",10058,0,2,Male,5,5,3,0,45115,1,19,Production Technician I,MA,2176,07/22/82,M ,Divorced,US Citizen,5/16/2011,1/15/2016,retiring,Voluntarily Terminated,Production       ,Elijiah Gray,16,LinkedIn,Fully Meets,5,4,0,3/30/2015,0,11,21,42,No,Travel_Rarely,2,Technical Degree,4,19232,4933,1,No,11,3,80,0,22,3,3,22,17,11,15
"Rivera, Haley  ",10011,1,1,Male,1,5,4,0,46738,0,19,Production Technician I,MA,2171,01/12/73,F,Married,US Citizen,11/28/2011,,N/A-StillEmployed,Active,Production       ,Webster Butler,,Google Search,Exceeds,4.36,5,0,2/11/2019,0,16,32,59,No,Travel_Rarely,2,Medical,3,2267,25657,8,No,17,3,80,0,7,2,2,2,2,2,2
"Roberson, May",10230,0,2,Female,5,5,3,0,64971,1,20,Production Technician II,MA,1902,09/05/81,F,Divorced,Eligible NonCitizen,9/26/2011,10/22/2011,return to school,Voluntarily Terminated,Production       ,David Stanley,14,Google Search,Fully Meets,4.5,4,0,10/22/2011,0,10,26,50,No,Travel_Rarely,4,Medical,4,19517,24118,3,No,11,3,80,1,32,3,2,7,0,0,6
"Robertson, Peter",10224,1,1,Male,5,5,3,0,55578,1,20,Production Technician II,MA,2138,07/03/72,M ,Married,US Citizen,7/5/2011,2/8/2012,Another position,Voluntarily Terminated,Production       ,Kissy Sullivan,20,Indeed,Fully Meets,4.2,5,0,1/6/2012,0,13,79,33,Yes,Travel_Rarely,3,Medical,4,2436,22149,5,Yes,13,3,80,1,8,2,1,5,4,0,4
"Robinson, Alain  ",10047,1,1,Female,5,5,3,0,50428,1,19,Production Technician I,MA,1420,01/07/74,M ,Married,US Citizen,1/10/2011,1/26/2016,attendance,Voluntarily Terminated,Production       ,Amy Dunn,11,Indeed,Fully Meets,5,3,0,1/10/2015,0,11,63,43,No,Travel_Rarely,3,Marketing,4,16064,7744,5,Yes,22,4,80,1,22,3,3,17,13,1,9
"Robinson, Cherly",10285,1,1,Female,4,5,2,0,61422,1,19,Production Technician I,MA,1460,01/07/85,F,Married,US Citizen,1/10/2011,5/17/2016,attendance,Terminated for Cause,Production       ,Ketsia Liebig,19,Indeed,Needs Improvement,3.6,3,0,4/5/2016,4,16,36,33,Yes,Travel_Rarely,2,Life Sciences,1,2707,21509,7,No,20,4,80,0,13,3,4,9,7,1,7
"Robinson, Elias",10020,0,4,Male,1,5,4,0,63353,0,19,Production Technician I,MA,1730,01/28/85,M ,Widowed,US Citizen,7/8/2013,,N/A-StillEmployed,Active,Production       ,Brannon Miller,12,Employee Referral,Exceeds,3.6,5,0,2/11/2019,0,4,66,52,No,Non-Travel,4,Life Sciences,3,19068,21030,1,Yes,18,3,80,0,33,2,4,33,7,15,12
"Roby, Lori ",10162,1,1,Female,1,3,3,0,89883,0,9,Data Analyst,MA,1886,10/11/81,F,Married,US Citizen,2/16/2015,,N/A-StillEmployed,Active,IT/IS,Simon Roup,4,Employee Referral,Fully Meets,3.69,5,6,2/14/2019,0,15,74,32,No,Travel_Rarely,2,Life Sciences,2,3931,20990,2,No,11,3,80,1,6,5,3,4,3,1,2
"Roehrich, Bianca",10149,0,0,Male,5,3,3,0,120000,1,29,Principal Data Architect,MA,2703,05/27/73,F,Single,US Citizen,1/5/2015,11/10/2018,Another position,Voluntarily Terminated,IT/IS,Simon Roup,4,LinkedIn,Fully Meets,3.88,3,7,2/13/2018,0,12,8,32,Yes,Travel_Rarely,3,Life Sciences,3,3730,9571,0,Yes,14,3,80,0,4,2,1,3,2,1,2
"Roper, Katie",10086,0,0,Female,1,3,3,0,150290,0,7,Data Architect,MA,2056,11/21/72,F,Single,US Citizen,1/7/2017,,N/A-StillEmployed,Active,IT/IS,Brian Champaigne,13,Indeed,Fully Meets,4.94,3,5,2/6/2019,0,17,38,39,No,Travel_Rarely,4,Medical,3,2232,15417,7,No,14,3,80,3,7,1,3,3,2,1,2
"Rose, Ashley  ",10054,0,3,Male,1,5,3,0,60627,0,19,Production Technician I,MA,1886,12/05/74,F,Separated,US Citizen,1/6/2014,,N/A-StillEmployed,Active,Production       ,David Stanley,14,Website,Fully Meets,5,4,0,1/31/2019,0,8,76,32,No,Non-Travel,4,Marketing,4,4465,12069,0,No,18,3,80,0,4,2,3,3,2,2,2
"Rossetti, Bruno",10065,0,0,Male,5,5,3,0,53180,1,19,Production Technician I,MA,2155,03/18/87,M ,Single,US Citizen,4/4/2011,8/13/2018,Another position,Voluntarily Terminated,Production       ,Kissy Sullivan,20,Google Search,Fully Meets,5,5,0,7/2/2018,0,4,18,41,No,Travel_Rarely,2,Life Sciences,1,3072,19877,2,No,16,3,80,2,17,2,2,1,0,0,0
"Roup,Simon",10198,0,0,Male,1,3,3,0,140920,0,13,IT Manager - DB,MA,2481,04/05/73,M ,Single,US Citizen,1/20/2013,,N/A-StillEmployed,Active,IT/IS,Jennifer Zamora,5,Indeed,Fully Meets,3.6,5,7,2/18/2019,0,13,100,40,No,Travel_Rarely,2,Technical Degree,4,3319,24447,1,No,17,3,80,2,9,3,3,9,8,4,7
"Ruiz, Ricardo",10222,0,2,Male,5,3,3,1,148999,1,13,IT Manager - DB,MA,1915,01/04/64,M ,Divorced,US Citizen,1/9/2012,11/4/2015,hours,Voluntarily Terminated,IT/IS,Jennifer Zamora,5,Diversity Job Fair,Fully Meets,4.3,4,6,1/4/2015,0,8,1,45,No,Travel_Rarely,3,Other,4,19202,15970,0,No,11,3,80,1,25,2,3,24,0,1,7
"Saada, Adell",10126,1,1,Male,1,4,3,0,86214,0,24,Software Engineer,MA,2132,07/24/86,F,Married,US Citizen,11/5/2012,,N/A-StillEmployed,Active,Software Engineering,Alex Sweetwater,10,Indeed,Fully Meets,4.2,3,6,2/13/2019,0,2,21,31,No,Travel_Frequently,4,Medical,3,13675,13523,9,No,12,3,80,1,9,3,3,2,2,2,2
"Saar-Beckles, Melinda",10295,0,0,Female,2,5,2,1,47750,0,19,Production Technician I,MA,1801,06/06/68,F,Single,US Citizen,7/4/2016,,N/A-StillEmployed,Active,Production       ,Kelley Spirea,18,Diversity Job Fair,Needs Improvement,2.6,4,0,2/18/2019,5,4,60,33,No,Travel_Rarely,4,Life Sciences,4,2911,14776,1,No,13,3,80,1,2,2,2,2,2,0,2
"Sadki, Nore  ",10260,0,0,Male,5,5,3,0,46428,1,19,Production Technician I,MA,2148,12/21/74,M ,Single,US Citizen,1/5/2009,7/30/2018,relocation out of area,Voluntarily Terminated,Production       ,Michael Albert,22,Google Search,Fully Meets,4.6,5,0,2/5/2018,0,7,81,34,No,Travel_Rarely,4,Life Sciences,1,5957,23687,6,No,13,3,80,1,13,3,3,11,9,5,9
"Sahoo, Adil",10233,1,1,Female,1,5,3,0,57975,0,20,Production Technician II,MA,2062,04/26/86,M ,Married,US Citizen,8/30/2010,,N/A-StillEmployed,Active,Production       ,Kelley Spirea,18,CareerBuilder,Fully Meets,4.1,3,0,1/10/2019,0,13,40,37,No,Travel_Rarely,2,Medical,1,3920,18697,2,No,14,3,80,1,17,2,2,3,1,0,2
"Salter, Jason",10229,0,2,Male,5,3,3,0,88527,1,9,Data Analyst ,MA,2452,12/17/87,M ,Divorced,US Citizen,1/5/2015,10/31/2015,hours,Voluntarily Terminated,IT/IS,Simon Roup,4,LinkedIn,Fully Meets,4.2,3,5,4/20/2015,0,2,89,45,No,Travel_Frequently,4,Life Sciences,3,6434,5118,4,No,17,3,80,1,9,1,3,3,2,0,2
"Sander, Kamrin",10169,1,1,Male,1,5,3,0,56147,0,19,Production Technician I,MA,2154,07/10/88,F,Married,US Citizen,9/29/2014,,N/A-StillEmployed,Active,Production       ,Elijiah Gray,16,LinkedIn,Fully Meets,3.51,3,0,2/18/2019,0,2,39,37,Yes,Travel_Frequently,3,Medical,3,10048,22573,6,No,11,3,80,2,17,5,3,1,0,0,0
"Sewkumar, Nori",10071,0,0,Female,3,5,3,0,50923,0,19,Production Technician I,MA,2191,03/10/75,F,Single,US Citizen,9/30/2013,,N/A-StillEmployed,Active,Production       ,Webster Butler,,Google Search,Fully Meets,5,5,0,2/6/2019,0,14,83,39,No,Travel_Frequently,4,Technical Degree,3,10938,6420,0,No,25,4,80,0,20,1,3,19,6,11,8
"Shepard, Anita ",10179,1,1,Male,1,3,3,0,50750,0,15,Network Engineer,MA,1773,04/14/81,F,Married,US Citizen,9/30/2014,,N/A-StillEmployed,Active,IT/IS,Peter Monroe,7,LinkedIn,Fully Meets,3.31,3,6,1/7/2019,0,7,13,29,No,Travel_Rarely,3,Life Sciences,4,2340,22673,1,No,19,3,80,0,6,1,3,6,5,1,5
"Shields, Seffi",10091,1,1,Female,1,5,3,0,52087,0,19,Production Technician I,MA,2149,08/24/85,F,Married,US Citizen,8/19/2013,,N/A-StillEmployed,Active,Production       ,Amy Dunn,11,LinkedIn,Fully Meets,4.81,4,0,2/15/2019,0,15,94,42,No,Travel_Rarely,2,Life Sciences,1,6545,23016,3,Yes,13,3,80,0,10,1,3,3,2,0,2
"Simard, Kramer",10178,1,1,Male,1,3,3,0,87826,0,9,Data Analyst,MA,2110,02/08/70,M ,Married,US Citizen,1/5/2015,,N/A-StillEmployed,Active,IT/IS,Simon Roup,4,Employee Referral,Fully Meets,3.32,3,7,1/14/2019,0,16,65,29,No,Travel_Rarely,2,Marketing,4,6931,10732,2,No,14,3,80,1,10,2,3,3,2,0,2
"Singh, Nan ",10039,0,0,Female,1,1,3,0,51920,0,2,Administrative Assistant,MA,2330,05/19/88,F,Single,US Citizen,5/1/2015,,N/A-StillEmployed,Active,Admin Offices,Brandon R. LeBlanc,1,Website,Fully Meets,5,3,5,1/15/2019,0,2,14,25,No,Travel_Rarely,3,Life Sciences,3,4898,7505,0,No,12,3,80,2,5,3,3,4,2,1,2
"Sloan, Constance",10095,0,0,Female,5,5,3,0,63878,1,20,Production Technician II,MA,1851,11/25/87,F,Single,US Citizen,10/26/2009,4/8/2015,maternity leave - did not return,Voluntarily Terminated,Production       ,Michael Albert,22,CareerBuilder,Fully Meets,4.68,4,0,4/2/2015,0,20,26,42,No,Travel_Rarely,3,Medical,1,2593,8007,0,Yes,11,3,80,1,10,4,3,9,6,7,8
"Smith, Joe",10027,0,0,Male,1,5,4,0,60656,0,20,Production Technician II,MA,2045,10/30/63,M ,Single,US Citizen,9/29/2014,,N/A-StillEmployed,Active,Production       ,Elijiah Gray,16,Indeed,Exceeds,4.3,3,0,1/28/2019,0,4,53,40,No,Travel_Rarely,2,Medical,3,19436,5949,0,No,19,3,80,1,22,5,3,21,7,3,9
"Smith, John",10291,0,2,Male,1,6,2,1,72992,0,21,Sales Manager,MA,1886,08/16/84,M ,Divorced,US Citizen,5/18/2014,,N/A-StillEmployed,Active,Sales,Debra Houlihan,15,Diversity Job Fair,Needs Improvement,2.4,4,0,1/16/2019,2,16,56,51,No,Travel_Rarely,3,Life Sciences,4,2723,23231,1,No,11,3,80,0,1,0,2,1,0,0,0
"Smith, Leigh Ann",10153,1,1,Male,5,1,3,1,55000,1,2,Administrative Assistant,MA,1844,06/14/87,F,Married,US Citizen,9/26/2011,9/25/2013,career change,Voluntarily Terminated,Admin Offices,Brandon R. LeBlanc,1,Diversity Job Fair,Fully Meets,3.8,4,4,8/15/2013,0,17,17,31,Yes,Travel_Frequently,2,Medical,2,3479,11652,0,No,11,3,80,0,6,2,4,5,4,1,4
"Smith, Sade",10157,0,0,Male,1,5,3,0,58939,0,19,Production Technician I,MA,2130,02/02/65,F,Single,US Citizen,11/11/2013,,N/A-StillEmployed,Active,Production       ,Ketsia Liebig,19,Employee Referral,Fully Meets,3.73,3,0,1/24/2019,0,16,84,32,No,Travel_Frequently,3,Life Sciences,2,2794,26062,1,No,20,4,80,0,5,3,1,5,1,0,3
"Soto, Julia ",10119,1,1,Male,1,3,3,0,66593,0,14,IT Support,MA,2360,03/12/73,F,Married,US Citizen,6/10/2011,,N/A-StillEmployed,Active,IT/IS,Eric Dougall,6,LinkedIn,Fully Meets,4.3,3,5,2/8/2019,0,19,4,38,No,Non-Travel,2,Life Sciences,4,5249,19682,3,No,18,3,80,1,13,0,3,8,7,7,5
"Soze, Keyser",10180,1,1,Male,2,3,3,0,87565,0,28,Sr. Network Engineer,MA,1545,02/09/83,M ,Married,US Citizen,6/30/2016,,N/A-StillEmployed,Active,IT/IS,Peter Monroe,7,LinkedIn,Fully Meets,3.27,4,5,1/14/2019,0,13,16,32,No,Travel_Rarely,1,Technical Degree,1,2176,19737,4,No,13,3,80,0,9,5,3,6,2,0,4
"Sparks, Taylor  ",10302,1,1,Female,1,5,1,0,64021,0,19,Production Technician I,MA,2093,07/20/68,F,Married,US Citizen,2/20/2012,,N/A-StillEmployed,Active,Production       ,Brannon Miller,12,Indeed,PIP,2.4,2,1,2/25/2019,6,20,69,46,No,Travel_Rarely,3,Technical Degree,2,16872,14977,3,Yes,12,3,80,1,28,2,2,7,7,7,7
"Spirea, Kelley",10090,1,1,Male,1,5,3,0,65714,0,18,Production Manager,MA,2451,09/30/75,F,Married,US Citizen,10/2/2012,,N/A-StillEmployed,Active,Production       ,Janet King,2,LinkedIn,Fully Meets,4.83,5,0,2/14/2019,0,15,15,28,Yes,Travel_Rarely,4,Life Sciences,3,3485,14935,2,No,11,3,80,0,5,5,1,0,0,0,0
"Squatrito, Kristen",10030,0,2,Male,5,5,4,0,62425,1,19,Production Technician I,MA,2359,03/26/73,F,Divorced,US Citizen,5/13/2013,6/29/2015,unhappy,Voluntarily Terminated,Production       ,David Stanley,14,LinkedIn,Exceeds,4.1,4,0,3/2/2015,0,16,69,29,No,Travel_Rarely,3,Medical,2,6644,3687,2,No,19,3,80,2,10,2,3,0,0,0,0
"Stanford,Barbara  M",10278,0,2,Male,1,5,3,0,47961,0,19,Production Technician I,MA,2050,08/25/82,F,Divorced,US Citizen,1/10/2011,,N/A-StillEmployed,Active,Production       ,Kissy Sullivan,20,Google Search,Fully Meets,4.1,4,0,2/7/2019,0,9,45,31,No,Travel_Rarely,3,Medical,4,5582,14408,0,No,21,4,80,1,10,2,3,9,0,7,8
"Stansfield, Norman",10307,1,1,Male,1,6,1,0,58273,0,3,Area Sales Manager,NV,89139,05/09/74,M ,Married,US Citizen,5/12/2014,,N/A-StillEmployed,Active,Sales,Lynn Daneault,21,Website,PIP,1.81,2,0,1/17/2019,3,5,96,25,No,Non-Travel,2,Life Sciences,1,4000,18384,1,No,12,3,80,2,6,2,3,6,3,1,5
"Steans, Tyrone  ",10147,0,0,Male,1,1,3,0,63003,0,1,Accountant I,MA,2703,09/01/86,M ,Single,US Citizen,9/29/2014,,N/A-StillEmployed,Active,Admin Offices,Brandon R. LeBlanc,1,Indeed,Fully Meets,3.9,5,5,1/18/2019,0,9,51,45,No,Travel_Rarely,2,Medical,4,13496,7501,0,Yes,14,3,80,0,21,2,3,20,7,4,10
"Stoica, Rick",10266,1,1,Male,1,5,3,0,61355,0,19,Production Technician I,MA,2301,03/14/85,M ,Married,US Citizen,2/17/2014,,N/A-StillEmployed,Active,Production       ,Kelley Spirea,18,LinkedIn,Fully Meets,4.7,3,0,1/11/2019,0,4,19,36,No,Travel_Rarely,3,Life Sciences,4,3210,20251,0,No,11,3,80,1,16,4,3,15,13,10,11
"Strong, Caitrin",10241,1,1,Male,1,6,3,0,60120,0,3,Area Sales Manager,MT,59102,05/12/89,F,Married,US Citizen,9/27/2010,,N/A-StillEmployed,Active,Sales,John Smith,17,Indeed,Fully Meets,4.1,4,0,1/31/2019,0,18,38,55,No,Travel_Rarely,3,Medical,1,19045,18938,0,Yes,14,3,80,0,37,2,3,36,10,4,13
"Sullivan, Kissy ",10158,1,1,Male,1,5,3,0,63682,0,18,Production Manager,MA,1776,03/28/78,F,Married,US Citizen,1/8/2009,,N/A-StillEmployed,Active,Production       ,Janet King,2,Indeed,Fully Meets,3.73,4,0,1/24/2019,0,12,47,47,Yes,Non-Travel,4,Life Sciences,2,11849,10268,1,Yes,12,3,80,1,10,2,2,10,7,9,9
"Sullivan, Timothy",10117,1,1,Male,1,5,3,0,63025,0,19,Production Technician I,MA,2747,10/07/82,M ,Married,US Citizen,1/5/2015,,N/A-StillEmployed,Active,Production       ,Michael Albert,22,Google Search,Fully Meets,4.36,5,0,1/24/2019,0,10,40,28,No,Travel_Rarely,3,Medical,4,2070,2613,1,No,23,4,80,1,5,3,2,5,2,0,4
"Sutwell, Barbara",10209,0,0,Male,1,5,3,0,59238,0,19,Production Technician I,MA,2718,08/15/68,F,Single,Eligible NonCitizen,5/14/2012,,N/A-StillEmployed,Active,Production       ,Elijiah Gray,16,Indeed,Fully Meets,3.4,5,0,1/31/2019,0,13,5,37,No,Travel_Rarely,4,Medical,4,6502,22825,4,No,14,3,80,1,7,5,4,5,4,0,1
"Szabo, Andrew",10024,0,0,Male,1,4,4,0,92989,0,24,Software Engineer,MA,2140,05/06/83,M ,Single,US Citizen,7/7/2014,,N/A-StillEmployed,Active,Software Engineering,Alex Sweetwater,10,LinkedIn,Exceeds,4.5,5,5,2/18/2019,0,1,15,21,No,Travel_Rarely,2,Medical,3,3230,10531,1,No,17,3,80,0,3,4,4,3,2,1,0
"Tannen, Biff",10173,1,1,Female,1,3,3,0,90100,0,4,BI Developer,MA,2134,10/24/87,M ,Married,US Citizen,4/20/2017,,N/A-StillEmployed,Active,IT/IS,Brian Champaigne,13,Indeed,Fully Meets,3.4,3,6,1/2/2019,0,14,56,37,No,Non-Travel,4,Medical,4,13603,11677,2,Yes,18,3,80,2,15,2,3,5,2,0,2
"Tavares, Desiree  ",10221,1,1,Female,5,5,3,1,60754,1,19,Production Technician I,MA,1801,04/03/75,F,Married,Non-Citizen,4/27/2009,4/1/2013,Another position,Voluntarily Terminated,Production       ,Webster Butler,39,Diversity Job Fair,Fully Meets,4.5,5,0,2/15/2012,0,11,91,35,No,Travel_Rarely,3,Life Sciences,2,11996,19100,7,No,18,3,80,1,10,6,2,7,7,6,2
"Tejeda, Lenora ",10146,1,1,Female,5,5,3,0,72202,1,20,Production Technician II,MA,2129,05/24/53,F,Married,US Citizen,5/16/2011,7/8/2017,Another position,Voluntarily Terminated,Production       ,Elijiah Gray,16,Google Search,Fully Meets,3.93,3,0,4/18/2017,0,3,59,38,No,Travel_Rarely,2,Medical,1,5605,19191,1,Yes,24,4,80,1,8,3,3,8,0,7,7
"Terry, Sharlene ",10161,0,0,Female,1,6,3,0,58370,0,3,Area Sales Manager,OR,97756,05/07/65,F,Single,US Citizen,9/29/2014,,N/A-StillEmployed,Active,Sales,Lynn Daneault,21,Indeed,Fully Meets,3.69,3,0,1/28/2019,0,18,41,26,No,Travel_Frequently,3,Life Sciences,2,6397,26767,1,No,20,4,80,1,6,6,1,6,5,1,4
"Theamstern, Sophia",10141,0,0,Male,5,5,3,0,48413,1,19,Production Technician I,MA,2066,05/09/65,F,Single,US Citizen,7/5/2011,9/5/2016,return to school,Voluntarily Terminated,Production       ,Amy Dunn,11,Indeed,Fully Meets,3.98,4,0,3/2/2016,0,1,92,50,No,Travel_Rarely,1,Life Sciences,2,19144,15815,3,No,14,3,80,2,28,4,2,10,4,1,6
"Thibaud, Kenneth",10268,0,4,Male,5,5,3,0,67176,1,20,Production Technician II,MA,2472,09/16/75,M ,Widowed,US Citizen,6/25/2007,8/30/2010,military,Voluntarily Terminated,Production       ,Webster Butler,39,Other,Fully Meets,4.1,4,0,7/14/2010,0,15,52,53,No,Travel_Rarely,4,Medical,3,17584,21016,3,Yes,16,3,80,3,21,5,2,5,3,1,3
"Tippett, Jeanette",10123,0,2,Male,1,5,3,0,56339,0,19,Production Technician I,MA,2093,06/05/67,F,Divorced,US Citizen,2/18/2013,,N/A-StillEmployed,Active,Production       ,Brannon Miller,12,Indeed,Fully Meets,4.21,5,0,1/14/2019,0,4,99,42,No,Travel_Rarely,1,Life Sciences,3,4907,24532,1,No,25,4,80,0,20,3,3,20,16,11,6
"Torrence, Jack",10013,0,3,Male,1,6,4,0,64397,0,3,Area Sales Manager,ND,58782,01/15/68,M ,Separated,US Citizen,1/9/2006,,N/A-StillEmployed,Active,Sales,Lynn Daneault,21,Indeed,Exceeds,4.1,3,0,1/4/2019,0,6,8,29,No,Travel_Frequently,2,Life Sciences,4,4554,20260,1,No,18,3,80,0,10,3,2,10,7,0,9
"Trang, Mei",10287,0,0,Male,1,5,2,0,63025,0,19,Production Technician I,MA,2021,05/16/83,F,Single,US Citizen,2/17/2014,,N/A-StillEmployed,Active,Production       ,David Stanley,14,LinkedIn,Needs Improvement,2.44,5,0,2/11/2019,4,18,94,55,No,Travel_Rarely,2,Technical Degree,4,5415,15972,3,Yes,19,3,80,1,12,4,3,10,7,0,8
"Tredinnick, Neville ",10044,1,1,Male,5,3,3,0,75281,1,15,Network Engineer,MA,1420,05/05/88,M ,Married,US Citizen,1/5/2015,2/12/2016,medical issues,Voluntarily Terminated,IT/IS,Peter Monroe,7,CareerBuilder,Fully Meets,5,3,5,4/15/2015,0,11,88,26,No,Travel_Frequently,2,Medical,1,4741,22722,1,Yes,13,3,80,1,5,3,3,5,3,3,3
"True, Edward",10102,0,0,Female,5,4,3,1,100416,1,24,Software Engineer,MA,2451,06/14/83,M ,Single,Non-Citizen,2/18/2013,4/15/2018,medical issues,Voluntarily Terminated,Software Engineering,Alex Sweetwater,10,Diversity Job Fair,Fully Meets,4.6,3,4,2/12/2017,0,9,11,37,No,Travel_Rarely,3,Life Sciences,4,2115,15881,1,No,12,3,80,0,17,3,3,17,12,5,7
"Trzeciak, Cybil",10270,0,0,Male,5,5,3,0,74813,1,20,Production Technician II,MA,1778,03/15/85,F,Single,US Citizen,1/10/2011,7/2/2014,unhappy,Voluntarily Terminated,Production       ,Amy Dunn,11,LinkedIn,Fully Meets,4.4,3,0,1/5/2014,0,5,24,44,Yes,Travel_Frequently,3,Life Sciences,3,3161,19920,3,Yes,22,4,80,1,19,0,1,1,0,0,0
"Turpin, Jumil",10045,1,1,Male,1,3,3,0,76029,0,15,Network Engineer,MA,2343,03/31/69,M ,Married,Eligible NonCitizen,3/30/2015,,N/A-StillEmployed,Active,IT/IS,Peter Monroe,7,Employee Referral,Fully Meets,5,4,7,1/14/2019,0,8,64,38,No,Travel_Rarely,4,Life Sciences,4,5745,18899,9,No,14,3,80,1,10,2,3,2,2,1,2
"Valentin,Jackie",10205,1,1,Male,1,6,3,0,57859,0,3,Area Sales Manager,AZ,85006,05/23/91,F,Married,US Citizen,7/5/2011,,N/A-StillEmployed,Active,Sales,John Smith,17,Indeed,Fully Meets,2.81,3,0,1/17/2019,0,16,100,26,Yes,Travel_Rarely,4,Medical,2,2373,14180,2,Yes,13,3,80,1,5,2,3,3,2,0,2
"Veera, Abdellah ",10014,0,2,Female,5,5,4,0,58523,1,19,Production Technician I,MA,2171,01/31/87,M ,Divorced,US Citizen,8/13/2012,2/5/2016,maternity leave - did not return,Voluntarily Terminated,Production       ,Kissy Sullivan,20,LinkedIn,Exceeds,4.5,5,0,2/1/2016,0,15,29,28,No,Travel_Rarely,2,Life Sciences,4,3310,4488,1,No,21,4,80,0,5,3,3,5,3,0,2
"Vega, Vincent",10144,0,2,Female,1,5,3,0,88976,0,17,Production Manager,MA,2169,10/10/68,M ,Divorced,US Citizen,8/1/2011,,N/A-StillEmployed,Active,Production       ,Janet King,2,Employee Referral,Fully Meets,3.93,3,0,2/27/2019,0,19,32,49,No,Travel_Frequently,4,Life Sciences,1,18665,25594,9,Yes,11,3,80,0,22,4,3,3,2,1,2
"Villanueva, Noah",10253,0,0,Male,1,6,3,0,55875,0,3,Area Sales Manager,ME,4063,07/11/89,M ,Single,US Citizen,3/5/2012,,N/A-StillEmployed,Active,Sales,John Smith,17,Website,Fully Meets,4.5,4,0,1/18/2019,0,11,56,36,No,Travel_Rarely,3,Technical Degree,2,4485,26285,4,No,12,3,80,0,10,2,3,8,0,7,7
"Voldemort, Lord",10118,1,1,Female,4,3,3,0,113999,1,8,Database Administrator,MA,1960,08/07/86,M ,Married,US Citizen,2/16/2015,2/22/2017,"no-call, no-show",Terminated for Cause,IT/IS,Simon Roup,4,Employee Referral,Fully Meets,4.33,3,7,2/15/2017,0,9,64,31,No,Travel_Frequently,3,Marketing,2,2789,3909,1,No,11,3,80,1,2,5,2,2,2,2,2
"Volk, Colleen",10022,1,1,Male,4,5,4,0,49773,1,19,Production Technician I,MA,2747,06/03/86,F,Married,US Citizen,9/26/2011,2/8/2016,gross misconduct,Terminated for Cause,Production       ,Kelley Spirea,18,Google Search,Exceeds,4.3,5,0,2/1/2015,0,18,58,26,Yes,Travel_Rarely,4,Marketing,4,5828,8450,1,Yes,12,3,80,0,8,0,3,8,7,7,4
"Von Massenbach, Anna",10183,0,0,Male,2,5,3,0,62068,0,19,Production Technician I,MA,2124,04/06/85,F,Single,US Citizen,7/5/2015,,N/A-StillEmployed,Active,Production       ,Michael Albert,22,LinkedIn,Fully Meets,3.21,3,0,1/29/2019,0,7,74,37,No,Travel_Frequently,3,Medical,4,2326,11411,1,Yes,12,3,80,3,4,3,2,4,2,1,2
"Walker, Roger",10190,0,0,Female,1,5,3,0,66541,0,20,Production Technician II,MA,2459,02/10/76,M ,Single,US Citizen,8/18/2014,,N/A-StillEmployed,Active,Production       ,Ketsia Liebig,19,Employee Referral,Fully Meets,3.11,5,0,2/12/2019,0,4,1,42,No,Travel_Frequently,3,Marketing,2,13525,14864,5,No,14,3,80,1,23,2,4,20,4,4,8
"Wallace, Courtney  E",10274,1,1,Male,5,5,3,1,80512,1,18,Production Manager,MA,2478,11/14/55,F,Married,US Citizen,9/26/2011,1/2/2012,Another position,Voluntarily Terminated,Production       ,Janet King,2,Diversity Job Fair,Fully Meets,4.5,3,0,1/2/2012,0,5,16,18,Yes,Travel_Rarely,3,Life Sciences,3,1420,25233,1,No,13,3,80,0,0,2,3,0,0,0,0
"Wallace, Theresa",10293,0,0,Male,5,5,2,0,50274,1,19,Production Technician I,MA,1887,08/02/80,F,Single,US Citizen,8/13/2012,9/1/2015,career change,Voluntarily Terminated,Production       ,Elijiah Gray,16,CareerBuilder,Needs Improvement,2.5,3,0,9/5/2014,6,13,2,35,No,Travel_Rarely,3,Marketing,2,8020,5100,0,No,15,3,80,2,12,3,2,11,9,6,9
"Wang, Charlie",10172,0,0,Male,1,3,3,0,84903,0,22,Senior BI Developer,MA,1887,07/08/81,M ,Single,US Citizen,2/15/2017,,N/A-StillEmployed,Active,IT/IS,Brian Champaigne,13,Indeed,Fully Meets,3.42,4,7,1/4/2019,0,17,35,36,No,Travel_Frequently,4,Life Sciences,4,3688,7122,4,No,18,3,80,2,4,2,3,1,0,0,0
"Warfield, Sarah",10127,0,4,Male,1,3,3,0,107226,0,28,Sr. Network Engineer,MA,2453,05/02/78,F,Widowed,US Citizen,3/30/2015,,N/A-StillEmployed,Active,IT/IS,Peter Monroe,7,Employee Referral,Fully Meets,4.2,4,8,2/5/2019,0,7,82,51,No,Travel_Rarely,3,Medical,2,5482,16321,5,No,18,3,80,1,13,3,3,4,1,1,2
"Whittier, Scott",10072,0,0,Male,5,5,3,0,58371,1,19,Production Technician I,MA,2030,05/24/87,M ,Single,US Citizen,1/10/2011,5/15/2014,hours,Voluntarily Terminated,Production       ,Webster Butler,39,LinkedIn,Fully Meets,5,5,0,5/15/2014,0,11,15,41,No,Travel_Rarely,4,Life Sciences,2,16015,15896,1,No,19,3,80,0,22,2,3,22,10,0,4
"Wilber, Barry",10048,1,1,Female,5,5,3,0,55140,1,19,Production Technician I,MA,2324,09/09/65,M ,Married,Eligible NonCitizen,5/16/2011,9/7/2015,unhappy,Voluntarily Terminated,Production       ,Amy Dunn,11,Website,Fully Meets,5,3,0,2/15/2015,0,7,36,18,No,Travel_Rarely,3,Medical,3,1200,9724,1,No,12,3,80,0,0,2,3,0,0,0,0
"Wilkes, Annie",10204,0,2,Male,5,5,3,0,58062,1,19,Production Technician I,MA,1876,07/30/83,F,Divorced,US Citizen,1/10/2011,5/14/2012,Another position,Voluntarily Terminated,Production       ,Ketsia Liebig,19,Google Search,Fully Meets,3.6,5,0,2/6/2011,0,9,26,28,No,Travel_Rarely,2,Medical,1,5661,4824,0,No,19,3,80,0,9,2,3,8,3,0,7
"Williams, Jacquelyn  ",10264,0,0,Male,5,5,3,1,59728,1,19,Production Technician I,MA,2109,10/02/69,F,Single,US Citizen,1/9/2012,6/27/2015,relocation out of area,Voluntarily Terminated,Production       ,Ketsia Liebig,19,Diversity Job Fair,Fully Meets,4.3,4,0,6/2/2014,0,16,40,31,No,Travel_Rarely,3,Technical Degree,4,6929,12241,4,No,11,3,80,1,10,3,2,8,7,7,7
"Winthrop, Jordan  ",10033,0,0,Male,5,5,4,0,70507,1,20,Production Technician II,MA,2045,11/07/58,M ,Single,US Citizen,1/7/2013,2/21/2016,retiring,Voluntarily Terminated,Production       ,Brannon Miller,12,LinkedIn,Exceeds,5,3,0,1/19/2016,0,7,96,39,No,Travel_Rarely,3,Medical,4,9613,10942,0,No,17,3,80,3,19,5,2,18,10,3,7
"Wolk, Hang  T",10174,0,0,Female,1,5,3,0,60446,0,20,Production Technician II,MA,2302,04/20/85,F,Single,US Citizen,9/29/2014,,N/A-StillEmployed,Active,Production       ,David Stanley,14,LinkedIn,Fully Meets,3.4,4,0,2/21/2019,0,14,15,36,No,Non-Travel,4,Life Sciences,2,5674,6927,7,No,15,3,80,1,11,3,3,9,8,0,8
"Woodson, Jason",10135,0,0,Male,1,5,3,0,65893,0,20,Production Technician II,MA,1810,05/11/85,M ,Single,US Citizen,7/7/2014,,N/A-StillEmployed,Active,Production       ,Kissy Sullivan,20,LinkedIn,Fully Meets,4.07,4,0,2/28/2019,0,13,47,32,No,Travel_Rarely,3,Life Sciences,3,5484,16985,1,No,14,3,80,1,13,3,2,13,8,4,8
"Ybarra, Catherine ",10301,0,0,Female,5,5,1,0,48513,1,19,Production Technician I,MA,2458,05/04/82,F,Single,US Citizen,9/2/2008,9/29/2015,Another position,Voluntarily Terminated,Production       ,Brannon Miller,12,Google Search,PIP,3.2,2,0,9/2/2015,5,4,81,38,No,Travel_Rarely,2,Life Sciences,2,12061,26707,3,No,17,3,80,1,19,2,3,10,8,0,1
"Zamora, Jennifer",10010,0,0,Male,1,3,4,0,220450,0,6,CIO,MA,2067,08/30/79,F,Single,US Citizen,4/10/2010,,N/A-StillEmployed,Active,IT/IS,Janet King,2,Employee Referral,Exceeds,4.6,5,6,2/21/2019,0,16,56,58,No,Non-Travel,4,Life Sciences,3,5660,17056,2,Yes,13,3,80,1,12,2,3,5,3,1,2
"Zhou, Julia",10043,0,0,Male,1,3,3,0,89292,0,9,Data Analyst,MA,2148,02/24/79,F,Single,US Citizen,3/30/2015,,N/A-StillEmployed,Active,IT/IS,Simon Roup,4,Employee Referral,Fully Meets,5,3,5,2/1/2019,0,11,41,31,No,Travel_Rarely,4,Technical Degree,4,4821,10077,0,Yes,12,3,80,1,6,4,3,5,2,0,3
"Zima, Colleen",10271,0,4,Male,1,5,3,0,45046,0,19,Production Technician I,MA,1730,08/17/78,F,Widowed,US Citizen,9/29/2014,,N/A-StillEmployed,Active,Production       ,David Stanley,14,LinkedIn,Fully Meets,4.5,5,0,1/30/2019,0,2,22,31,No,Travel_Rarely,3,Human Resources,1,6410,17822,3,No,12,3,80,0,9,1,3,2,2,1,0
,,,,Male,,,,,,,,,,,,,,,,,,,,,,,,,,,,,,,45,No,Travel_Frequently,3,Life Sciences,1,5210,20308,1,No,18,3,80,1,24,2,3,24,9,9,11
